dataset,duration_minutes,lowest,low,mid,high,highest
bcr23_2025_2016_19_full,1,0.6379533167680271,3.0107497057636348,3.89506251996835,4.892400570296027,15.750407177155227
bcr23_2025_2016_19_full,2,0.7295826493601245,3.441048117926443,4.440640121568908,5.579554083759857,17.79188204989615
bcr23_2025_2016_19_full,3,0.805358578107568,3.8041283357442985,4.893815871470867,6.14690660013689,19.44131946972281
bcr23_2025_2016_19_full,4,0.8728659773188093,4.12601412120785,5.297983490016225,6.65065516293147,20.88151486798888
bcr23_2025_2016_19_full,5,0.9350206265882823,4.423141690017894,5.6770646178669875,7.1205245492840765,22.183295821917234
bcr23_2025_2016_19_full,6,0.993305939296408,4.705343163854218,6.038267271466696,7.563692603617715,23.38300386423948
bcr23_2025_2016_19_full,7,1.04859561731732,4.975412251310633,6.369140475568495,7.9667661743214175,24.502244982188206
bcr23_2025_2016_19_full,8,1.1014538056834091,5.232736912915648,6.687223374769954,8.363325705905892,25.55511540163161
bcr23_2025_2016_19_full,9,1.1522686839479688,5.4783797219782535,6.995476081107107,8.747884792096308,26.551426092175987
bcr23_2025_2016_19_full,10,1.2013201469119459,5.71870338708735,7.286451381077908,9.113488205132256,27.49834062662684
bcr23_2025_2016_19_full,11,1.2488174044429918,5.941549588687477,7.571637422090426,9.469153078279774,28.401287430262347
bcr23_2025_2016_19_full,12,1.2949213697566895,6.169501880070626,7.848516466927679,9.80894182765285,29.264504355491223
bcr23_2025_2016_19_full,13,1.3397587328987468,6.385918937880506,8.122548172343791,10.139343556021721,30.091381877615785
bcr23_2025_2016_19_full,14,1.383431201973712,6.595333863187888,8.388032634375765,10.457793025161282,30.884689022744823
bcr23_2025_2016_19_full,15,1.4260217931218615,6.79265893279179,8.641321182643717,10.785736806560426,31.646727532987097
bcr23_2025_2016_19_full,16,1.4675992424557085,6.998439263309544,8.890121912414877,11.100241058784679,32.37944027464033
bcr23_2025_2016_19_full,17,1.5082211808287025,7.189593735193197,9.14934744307521,11.40057872262511,33.084489444218264
bcr23_2025_2016_19_full,18,1.54793646916903,7.382906906277395,9.403473367339986,11.695185456517754,33.7633142416026
bcr23_2025_2016_19_full,19,1.5867869495062237,7.581621354300768,9.641763506377885,11.99192552866397,34.41717422285007
bcr23_2025_2016_19_full,20,1.624808780100481,7.769419731088442,9.880858822742855,12.267111091294327,35.04718244022842
bcr23_2025_2016_19_full,21,1.6620334686678782,7.988746609814029,10.131654537648876,12.55401260327602,35.65433115433417
bcr23_2025_2016_19_full,22,1.6984886825913827,8.18057178197864,10.35466162666469,12.851987499465515,36.23951204870613
bcr23_2025_2016_19_full,23,1.7341988918028248,8.357769214390908,10.570210389107041,13.109314181079268,36.80353231173927
bcr23_2025_2016_19_full,24,1.7691858843431003,8.531993926501121,10.788265379933886,13.378021864923866,37.34712756804072
bcr23_2025_2016_19_full,25,1.803469183806161,8.709017701748442,11.02177683009045,13.63580886352133,37.870972377351265
bcr23_2025_2016_19_full,26,1.8370663902972073,8.872230939781728,11.241567903200524,13.897220881432967,38.375688833751724
bcr23_2025_2016_19_full,27,1.869993461137303,9.03977315013499,11.464206502863473,14.150870023557943,38.861853665565306
bcr23_2025_2016_19_full,28,1.9022649436429455,9.202674131643395,11.67347707150062,14.404353148198409,39.3300041405594
bcr23_2025_2016_19_full,29,1.9338941694481904,9.368325882126516,11.860743247979169,14.639188213995768,39.7806430107345
bcr23_2025_2016_19_full,30,1.964893417714123,9.534310729943556,12.077036530776276,14.886853804670377,40.21424267874627
bcr23_2025_2016_19_full,31,1.9952740529774389,9.715148242601364,12.301890255581931,15.147731926127065,40.631248728744104
bcr23_2025_2016_19_full,32,2.02504664218175,9.886359083982414,12.492599277560064,15.37885257311477,41.032082934595714
bcr23_2025_2016_19_full,33,2.0542210545099855,10.04174311844073,12.682622206522261,15.606293188689541,41.417145835601076
bcr23_2025_2016_19_full,34,2.082806546921263,10.203366810094982,12.861879530606682,15.831259309908894,41.786818952105236
bcr23_2025_2016_19_full,35,2.1108118377382787,10.354694134171561,13.046820161444835,16.027969902110208,42.1414666996098
bcr23_2025_2016_19_full,36,2.134540209694646,10.505668994795943,13.23533560078009,16.241109954770863,42.48143804911988
bcr23_2025_2016_19_full,37,2.1400008053914004,10.643866642921383,13.404402371873335,16.486194830652813,42.80706797285312
bcr23_2025_2016_19_full,38,2.144606080312208,10.790604557949038,13.570797149267214,16.685514211920754,43.11867870756884
bcr23_2025_2016_19_full,39,2.1483846080447595,10.934814771839823,13.74996137555309,16.881804229864326,43.41658086225408
bcr23_2025_2016_19_full,40,2.151364006206226,11.080836568917965,13.919652710360804,17.110480570958718,43.70107439244366
bcr23_2025_2016_19_full,41,2.153570994199319,11.222880690538064,14.08273388981343,17.311849581168314,43.97244945982573
bcr23_2025_2016_19_full,42,2.1550314448445143,11.367131768803333,14.252202435557587,17.498403130472802,44.23098719281686
bcr23_2025_2016_19_full,43,2.1557704307076886,11.502681494051346,14.410953183484313,17.69477790223739,44.47696036135778
bcr23_2025_2016_19_full,44,2.1558122658177115,11.637512538135267,14.559134419785815,17.88672164228368,44.71063397716638
bcr23_2025_2016_19_full,45,2.155180543364912,11.76777219041545,14.708305020955336,18.06942194159553,44.93226582901704
bcr23_2025_2016_19_full,46,2.1538981698851476,11.91398911732032,14.9001215210788,18.266379802942332,45.142106961222915
bcr23_2025_2016_19_full,47,2.1519873963618785,12.020764739176961,15.04011464590939,18.442178203493803,45.34040210233436
bcr23_2025_2016_19_full,48,2.149469846618016,12.132692178375537,15.171239289422909,18.611873306165375,45.527390050087135
bcr23_2025_2016_19_full,49,2.146366543318072,12.256220233753096,15.3221321182814,18.785726313585407,45.70330401781014
bcr23_2025_2016_19_full,50,2.1426979318578203,12.369562147604743,15.46794099719095,18.95730311078414,45.868371946801155
bcr23_2025_2016_19_full,51,2.1384839023818443,12.505283651675025,15.611569563000801,19.122389467901847,46.022816788587505
bcr23_2025_2016_19_full,52,2.1337438101379638,12.63271917160632,15.761640391791959,19.28235338540942,46.16685676048113
bcr23_2025_2016_19_full,53,2.1284964943507205,12.749295464324373,15.909262851920197,19.428601244521126,46.3007055774036
bcr23_2025_2016_19_full,54,2.122760295773081,12.876572555621882,16.026758515665605,19.59296953745499,46.42457266258713
bcr23_2025_2016_19_full,55,2.1165530730557465,12.979464431482802,16.150483293313993,19.733872917853102,46.538663339436404
bcr23_2025_2016_19_full,56,2.1098922180563977,13.081678321228983,16.28430079738674,19.8834030896193,46.64317900655974
bcr23_2025_2016_19_full,57,2.1027946701964595,13.18364246601161,16.408945770392055,20.046015323176967,46.738317297742014
bcr23_2025_2016_19_full,58,2.0952769299601792,13.2870970272136,16.542866637385963,20.17814015928178,46.824272228420305
bcr23_2025_2016_19_full,59,2.087355071619732,13.396455674580897,16.668748646451085,20.360647373040777,46.90123433004803
bcr23_2025_2016_19_full,60,2.0790447552603872,13.478809225098598,16.792500953572755,20.507772048171937,46.96939077357249
bcr23_2025_2016_19_full,61,2.070361238171319,13.769154859378101,16.990643653712667,20.694870132726194,47.02892548311466
bcr23_2025_2016_19_full,62,2.0613193856603056,13.874368766584373,17.10150005476192,20.82026890842717,47.08001924082185
bcr23_2025_2016_19_full,63,2.0519336813440674,13.963936400870878,17.210107397072942,20.937628785362225,47.122849783754134
bcr23_2025_2016_19_full,64,2.042218236960326,14.056367290385458,17.326105606502303,21.066071405160606,47.15759189357797
bcr23_2025_2016_19_full,65,2.032186801742701,14.155755091137912,17.44450579142825,21.200699054274317,47.184417479753535
bcr23_2025_2016_19_full,66,2.0218527713951153,14.249373014718241,17.55217755096379,21.333261070237942,47.20349565683412
bcr23_2025_2016_19_full,67,2.0112291966985567,14.3286834727374,17.670016396654802,21.453664721271668,47.31604520975395
bcr23_2025_2016_19_full,68,2.000328791779585,14.403869427316785,17.756497897211556,21.56244692771472,47.56046831449139
bcr23_2025_2016_19_full,69,1.9891639420669176,14.490604998874982,17.837776441774814,21.664742601921667,47.79889036984393
bcr23_2025_2016_19_full,70,1.9777467119597891,14.555101779178184,17.941310434475156,21.808753287216973,48.03136675833651
bcr23_2025_2016_19_full,71,1.9660888522293387,14.654592844170033,18.04858374692624,21.92179450246663,48.257952471351636
bcr23_2025_2016_19_full,72,1.954201807172185,14.728742437492523,18.149782553431873,22.057505649283815,48.478702131612835
bcr23_2025_2016_19_full,73,1.9420967215334408,14.792012605935856,18.241667704337647,22.158233711762726,48.69367001349963
bcr23_2025_2016_19_full,74,1.929784447214742,14.833228448191054,18.327396652467172,22.240050023447004,48.90291006138275
bcr23_2025_2016_19_full,75,1.9172755497813596,14.89328244330636,18.411731051399844,22.339041357124806,49.10647590615147
bcr23_2025_2016_19_full,76,1.9045803147811216,14.925189914147657,18.499394888041156,22.401678632236504,49.30442088008832
bcr23_2025_2016_19_full,77,1.8917087538866573,15.001728906034351,18.576939500130365,22.516296090749915,49.496798030233364
bcr23_2025_2016_19_full,78,1.8786706108714233,15.06306329633006,18.655022804047505,22.599067674772826,49.683660130366924
bcr23_2025_2016_19_full,79,1.8654753674289721,15.145691504687797,18.740986689564195,22.71879072034627,49.86505969172858
bcr23_2025_2016_19_full,80,1.8521322488441114,15.213891544666467,18.82644710798146,22.784645235072702,50.04104897258019
bcr23_2025_2016_19_full,81,1.8386502295237508,15.266258192281612,18.900257614678317,22.869546317355322,50.2116799867101
bcr23_2025_2016_19_full,82,1.8250380383946225,15.308384006353048,18.963508587706965,22.942946547644514,50.37700451096985
bcr23_2025_2016_19_full,83,1.8113041641743537,15.349640945502172,19.033508843760863,23.009236529842276,50.537074091923856
bcr23_2025_2016_19_full,84,1.7974568605218688,15.387772443032599,19.097677591045056,23.06924823745046,50.69194005168864
bcr23_2025_2016_19_full,85,1.7835041510725334,15.419966802576814,19.154800785681623,23.17138698519019,50.841653493029334
bcr23_2025_2016_19_full,86,1.7694538343630506,15.466125371017247,19.2030821237569,23.23272123758548,50.9862653037776
bcr23_2025_2016_19_full,87,1.7553134886506578,15.498726732967182,19.288554195613514,23.29127991300883,51.12582616062851
bcr23_2025_2016_19_full,88,1.741090476630828,15.524930983590988,19.355871661428097,23.388631504882937,51.26038653236971
bcr23_2025_2016_19_full,89,1.7267919500573374,15.579535253511878,19.42517908406206,23.458279952769463,51.38999668259194
bcr23_2025_2016_19_full,90,1.712424854268247,15.635490301249238,19.4806049461131,23.514616545173507,51.514706671925985
bcr23_2025_2016_19_full,91,2.768609692705104,15.806073278468729,19.5696116700816,23.586371625876453,51.63456635984699
bcr23_2025_2016_19_full,92,2.7552929996237903,15.838031767881878,19.634080783188832,23.648028657646222,51.749625406084974
bcr23_2025_2016_19_full,93,2.7417340427280017,15.854512055958743,19.683456717641775,23.673569016581787,51.859933271676525
bcr23_2025_2016_19_full,94,2.7279419385635464,15.870982866271842,19.73757279920516,23.72379688909565,51.96553921968919
bcr23_2025_2016_19_full,95,2.7139256320992042,15.905373262792166,19.792339509787794,23.750415601566218,52.0664923156498
bcr23_2025_2016_19_full,96,2.699693898654928,15.922931317262409,19.854977583753133,23.803439216471435,52.16284142770305
bcr23_2025_2016_19_full,97,2.685255345825722,15.947349935824938,19.917936265975282,23.889245626431638,52.25463522652634
bcr23_2025_2016_19_full,98,2.670618415401536,15.968333734613376,19.957906677418162,23.9568480975703,52.341922185023954
bcr23_2025_2016_19_full,99,2.6557913852834303,15.987172480250708,20.00888515577163,23.994284488098412,52.424750577822785
bcr23_2025_2016_19_full,100,2.6407823713961522,16.031960734036154,20.03231509038308,24.01425534451716,52.50316848058854
bcr23_2025_2016_19_full,101,2.625599329597165,16.066326095296777,20.091499871605414,24.04490507478269,52.577223769182176
bcr23_2025_2016_19_full,102,2.6102500575821934,16.06897883156046,20.13306305608015,24.086706207661805,52.64696411867235
bcr23_2025_2016_19_full,103,2.5947421967871764,16.08975216319965,20.176989764533587,24.124668397924246,52.712437002220426
bcr23_2025_2016_19_full,104,2.579083234286565,16.10999365382377,20.227309909115846,24.156415361192536,52.773689689852404
bcr23_2025_2016_19_full,105,2.563280504687767,16.146164902127353,20.241101741213058,24.202911498181713,52.8307692471309
bcr23_2025_2016_19_full,106,2.547341192021599,16.222439817977666,20.292134218813608,24.24759183316816,52.883722533740006
bcr23_2025_2016_19_full,107,2.5312723316284598,16.23585135217648,20.309005741859963,24.27746166084205,52.932596201994166
bcr23_2025_2016_19_full,108,2.515080812040039,16.251517157715014,20.33004119291664,24.30200769777307,52.97743669528199
bcr23_2025_2016_19_full,109,2.498773376856219,16.251304219054404,20.34535749691176,24.32463579047387,53.01829024645428
bcr23_2025_2016_19_full,110,2.4823566266169004,16.239200302418695,20.366391666988054,24.387729001560135,53.05520287616616
bcr23_2025_2016_19_full,111,2.465837020668445,16.20329498133996,20.386144458683198,24.326818877653334,53.08822039118049
bcr23_2025_2016_19_full,112,2.4492208790243732,16.226589477818287,20.39103399799243,24.36757534753428,53.11738838264128
bcr23_2025_2016_19_full,113,2.4325143842199917,16.218901484264283,20.402769086896917,24.385002952856198,53.142752224323914
bcr23_2025_2016_19_full,114,2.4157235831606307,16.21738930370628,20.400372417215646,24.400643732868797,53.164357070868185
bcr23_2025_2016_19_full,115,2.3988543889630547,16.216913043907415,20.438918721203766,24.48371788904743,53.18224785600132
bcr23_2025_2016_19_full,116,2.3819125827897953,16.193851964522352,20.438651792506207,24.40410032492331,53.196469290755346
bcr23_2025_2016_19_full,117,2.3649038156759423,16.158014760032867,20.4664240158194,24.39996404348026,53.20706586168458
bcr23_2025_2016_19_full,118,2.3478336103481015,16.155291746571365,20.443560881489283,24.41156911584407,53.21408182908806
bcr23_2025_2016_19_full,119,2.3307073630351383,16.09169135094153,20.43166003406487,24.38375727358067,53.21756122524082
bcr23_2025_2016_19_full,120,2.313530345270327,16.079962678886005,20.431251840584732,24.372148417476005,53.21754785263836
bcr23_2025_2016_19_new,1,0.8788015430493584,2.7898595076121504,3.6831893943264395,4.7150471440554,14.702221786443573
bcr23_2025_2016_19_new,2,0.9967466422564861,3.171812366347406,4.17865395910759,5.349320822002382,16.52297459597597
bcr23_2025_2016_19_new,3,1.0937402465468176,3.499956096787143,4.592851484123763,5.865491282879894,17.97378651404797
bcr23_2025_2016_19_new,4,1.1797988334333838,3.771664910079079,4.957558167038176,6.3224538146571465,19.224909941043116
bcr23_2025_2016_19_new,5,1.2587803249368437,4.028756108829988,5.296438942405096,6.739930051990053,20.342622609546147
bcr23_2025_2016_19_new,6,1.3326514920079073,4.282700610614158,5.621182943519894,7.154474035359807,21.361105519538356
bcr23_2025_2016_19_new,7,1.4025732935064057,4.514762919888879,5.92567745385766,7.5342119968515995,22.300794971492074
bcr23_2025_2016_19_new,8,1.4692971309412823,4.740859838466561,6.209393160654805,7.903295351428837,23.175106953654492
bcr23_2025_2016_19_new,9,1.5333413272739773,4.957103312917326,6.495829109731496,8.247918955339037,23.993442344059947
bcr23_2025_2016_19_new,10,1.5950805957381673,5.165320691339842,6.766966378490036,8.585429315173556,24.762715606350653
bcr23_2025_2016_19_new,11,1.6547957786368288,5.370932333353626,7.033880899894625,8.908572466337677,25.488207472136722
bcr23_2025_2016_19_new,12,1.7127034850991931,5.577901310942465,7.291680441029435,9.227675254025169,26.17407469262101
bcr23_2025_2016_19_new,13,1.7689747357688086,5.7721577393197645,7.537492197734293,9.545040641341519,26.823671753127073
bcr23_2025_2016_19_new,14,1.8237472153905534,5.95160431158326,7.773654716460022,9.852834182023807,27.439762966981633
bcr23_2025_2016_19_new,15,1.877133619396134,6.134183523851268,8.008140032913797,10.152977459784495,28.024667412049677
bcr23_2025_2016_19_new,16,1.9292275135271053,6.306685741445598,8.238590569853102,10.437601931754172,28.58036099947634
bcr23_2025_2016_19_new,17,1.9801075542370827,6.491141750141636,8.475234624645438,10.730150676706437,29.108550216239784
bcr23_2025_2016_19_new,18,2.029840596216782,6.679154385040948,8.713361717711635,11.015292191977048,29.610726589168205
bcr23_2025_2016_19_new,19,2.0784840248149896,6.850080325565162,8.936668458251312,11.291292510321588,30.088207688821033
bcr23_2025_2016_19_new,20,2.1260875364187597,7.03807281337502,9.164816218672062,11.532589070233817,30.542168523696706
bcr23_2025_2016_19_new,21,2.1726945178481927,7.245092918089908,9.391199508937191,11.802605485440438,30.97366593765787
bcr23_2025_2016_19_new,22,2.218343129353326,7.418996157034078,9.59758451782179,12.06501011898077,31.383657823410555
bcr23_2025_2016_19_new,23,2.3490816479939296,7.591073836870265,9.80626544606468,12.337635011320288,31.773018434864774
bcr23_2025_2016_19_new,24,2.3836657671252786,7.748930298361693,10.015679659135353,12.581831947175885,32.14255072234522
bcr23_2025_2016_19_new,25,2.4170195754358015,7.890437366610312,10.217205327452083,12.827474465281721,32.49299636684023
bcr23_2025_2016_19_new,26,2.449182271684164,8.036181011590378,10.426234539358306,13.059095457178653,32.82504401534238
bcr23_2025_2016_19_new,27,2.480190147420883,8.218297384806231,10.602993422791487,13.296389085081312,33.1393360949708
bcr23_2025_2016_19_new,28,2.510076964964954,8.373419216864846,10.792697288423678,13.522780201879307,33.4364744934456
bcr23_2025_2016_19_new,29,2.5388742740499857,8.510181602820154,10.993646621336222,13.75281481117438,33.717025327290294
bcr23_2025_2016_19_new,30,2.566611678753641,8.644770519725729,11.187725600451818,13.983337901418755,33.98152296992252
bcr23_2025_2016_19_new,31,2.593317063820554,8.846488377302677,11.414931659815705,14.23069101004288,34.230473474777696
bcr23_2025_2016_19_new,32,2.6190167875874346,8.994669498155394,11.608872726530532,14.455931380159711,34.46435750047944
bcr23_2025_2016_19_new,33,2.643735847260787,9.126728508718887,11.787317811476807,14.68889205774574,34.68363282348112
bcr23_2025_2016_19_new,34,2.667498021169058,9.283366367102083,11.962327067826807,14.898691070407017,34.88873650688397
bcr23_2025_2016_19_new,35,2.6903259917300875,9.428807707600448,12.130785195124943,15.100118124870924,35.080086781077426
bcr23_2025_2016_19_new,36,2.712241452181749,9.590651003818873,12.309184174272367,15.27449124810328,35.25808468156875
bcr23_2025_2016_19_new,37,2.733265199574392,9.71455498011595,12.49994348140055,15.45808865259533,35.4231154812152
bcr23_2025_2016_19_new,38,2.7534172160852677,9.870462765414668,12.656921787153184,15.714826335240646,35.575549947561115
bcr23_2025_2016_19_new,39,2.772716740362983,10.001432594341095,12.793590740743632,15.879810144896581,35.71574545074855
bcr23_2025_2016_19_new,40,2.7911823303253014,10.094531198387987,12.937887278262878,16.075850632366468,35.84404694323597
bcr23_2025_2016_19_new,41,2.8088319186021855,10.23684848036511,13.09235442178014,16.247100419641868,35.96078782911621
bcr23_2025_2016_19_new,42,2.8256828616266367,10.356001043161505,13.24649252655392,16.442198733958946,36.06629073800627
bcr23_2025_2016_19_new,43,2.8417519832204716,10.508534141767331,13.378581516239963,16.630097958318466,36.16086821616575
bcr23_2025_2016_19_new,44,2.8570556133936376,10.626347293832508,13.526224240966348,16.832420522128597,36.24482334558518
bcr23_2025_2016_19_new,45,2.8716096229690957,10.732015789403054,13.667695445974019,17.01156434151864,36.326720711540034
bcr23_2025_2016_19_new,46,2.885429454556469,10.913111287863831,13.856569845012105,17.25161172313068,36.80007154145696
bcr23_2025_2016_19_new,47,2.898530150323255,11.020585998388166,13.9993392763447,17.42137365873885,37.26966293448216
bcr23_2025_2016_19_new,48,2.9109263769498797,11.11627315548521,14.173107311732778,17.6038078631335,37.73551431794668
bcr23_2025_2016_19_new,49,2.922632448102192,11.231828868967716,14.336213321129618,17.74573588291456,38.197643475213106
bcr23_2025_2016_19_new,50,2.933662344710232,11.351837154181426,14.492423392860672,17.892822953266865,38.656066708932556
bcr23_2025_2016_19_new,51,2.944029733304267,11.486220037054292,14.626478701066528,18.081650589228104,39.1107989883404
bcr23_2025_2016_19_new,52,2.9537479826265916,11.612002107737018,14.75732464634483,18.240295783438263,39.56185408236302
bcr23_2025_2016_19_new,53,2.962830178710038,11.719077099885194,14.890652897815585,18.39327087499064,40.009244680083164
bcr23_2025_2016_19_new,54,2.9712891385902664,11.79611091271104,14.988017054621913,18.54932340647601,40.45298249991782
bcr23_2025_2016_19_new,55,2.9791374227985226,11.885743303316698,15.0885358211281,18.672405298488382,40.89307838869707
bcr23_2025_2016_19_new,56,2.986387346763888,11.985876995286763,15.197195979214552,18.791215030224656,41.329542411690156
bcr23_2025_2016_19_new,57,2.993050991238755,12.074699297133261,15.303836177185886,18.90643285037477,41.76238393450013
bcr23_2025_2016_19_new,58,2.9991402118480286,12.193598553046748,15.428366337620766,19.032488485683515,42.19161169764242
bcr23_2025_2016_19_new,59,3.004666647851007,12.283890377364491,15.544463675686515,19.22785627819734,42.61723388452878
bcr23_2025_2016_19_new,60,3.009641730194875,12.376044648366603,15.654603045293273,19.391988890219775,43.039258183497424
bcr23_2025_2016_19_new,61,3.0140766889298654,12.60428940374071,15.868950824417528,19.54436670500595,42.7359516200099
bcr23_2025_2016_19_new,62,3.0179825600485946,12.69332133076397,15.97559633881726,19.630786315987287,43.138343309810445
bcr23_2025_2016_19_new,63,3.021370191805149,12.774425145750854,16.071537658946465,19.741347929508898,43.53687101740585
bcr23_2025_2016_19_new,64,3.0242502505637128,12.855426775107677,16.19823523716413,19.84349572256135,43.931541451739584
bcr23_2025_2016_19_new,65,3.0266332262211457,12.937902711304133,16.28863932754225,19.964707719106332,44.32236116976989
bcr23_2025_2016_19_new,66,3.028529437243391,13.034122635140633,16.405180414253838,20.055882242329485,44.70933660943234
bcr23_2025_2016_19_new,67,3.029949035351463,13.104333003114878,16.493962907812904,20.156924724364345,45.092474119697044
bcr23_2025_2016_19_new,68,3.0309020098891133,13.16007417640547,16.581709562333135,20.274512481155828,45.47177998797649
bcr23_2025_2016_19_new,69,3.031398191901087,13.252337554125974,16.656373552899932,20.34772786528042,45.84726046511372
bcr23_2025_2016_19_new,70,3.031447257947957,13.311252618752397,16.759804272185864,20.45559309721457,46.21892178815872
bcr23_2025_2016_19_new,71,3.0310587336810717,13.422238548907181,16.91206001658384,20.565441543370742,46.58677020112088
bcr23_2025_2016_19_new,72,3.0302419971987247,13.489051532653818,16.999471800542473,20.70571298913027,46.95081197386777
bcr23_2025_2016_19_new,73,3.0290062822027854,13.535444982021028,17.09577638957358,20.81054075094294,47.311053419323905
bcr23_2025_2016_19_new,74,3.027360680973019,13.591920522510396,17.21695704699613,20.90413447690603,47.66750090910978
bcr23_2025_2016_19_new,75,3.0253141471748846,13.67075760886006,17.28581154668704,20.999799009207223,48.02016088774837
bcr23_2025_2016_19_new,76,3.0228754985149826,13.735371779971675,17.388946574569587,21.08265826448032,48.369039885554656
bcr23_2025_2016_19_new,77,3.0200534192570907,13.723646363277286,17.466717387647314,21.170292835846013,48.71414453031387
bcr23_2025_2016_19_new,78,3.0168564626104706,13.785659738130011,17.54931925538779,21.308311511190176,49.055481557844566
bcr23_2025_2016_19_new,79,3.013293053001161,13.81738818653965,17.620304930202142,21.439519488433927,49.39305782153378
bcr23_2025_2016_19_new,80,3.0093714882359097,13.871921496865406,17.72386542983296,21.524455944916326,49.726880300926055
bcr23_2025_2016_19_new,81,3.005099941567565,13.967317672547335,17.80105220096013,21.632732924543248,42.83964889117041
bcr23_2025_2016_19_new,82,3.0004864636700006,14.01266012847486,17.87809453890391,21.727385824877725,42.99897931714682
bcr23_2025_2016_19_new,83,2.9955389845298526,14.038744675093515,17.95179702960361,21.790170393595417,43.15407352864835
bcr23_2025_2016_19_new,84,2.9902653152617944,14.078115432031076,18.024113975421283,21.911957741166145,43.30496878681866
bcr23_2025_2016_19_new,85,2.984673149853414,14.147995868558517,18.09597020077627,21.99618610329261,43.45170219892708
bcr23_2025_2016_19_new,86,2.978770066845279,14.186708890804463,18.134208084844442,22.030694480288915,43.59431072339989
bcr23_2025_2016_19_new,87,2.972563530951269,14.249006719103898,18.21979046497858,22.103245165377267,43.73283117428232
bcr23_2025_2016_19_new,88,2.9660608946238316,14.339407544685333,18.270309347376543,22.170980380532235,43.86730022517654
bcr23_2025_2016_19_new,89,2.9592693995683907,14.43919579454522,18.356585627295594,22.261491147115493,43.99775441269782
bcr23_2025_2016_19_new,90,2.9521961782108472,14.467771732916356,18.41154703666915,22.31911927491747,44.124230139488155
bcr23_2025_2016_19_new,91,2.9448482551216326,14.667349135215662,18.526853998732218,22.414459861233244,44.246763676822596
bcr23_2025_2016_19_new,92,2.9372325483996935,14.669413215634972,18.629180725554562,22.485874993338154,44.36539116684183
bcr23_2025_2016_19_new,93,2.929355871019292,14.666001772114198,18.667040749589912,22.562099017337662,44.48014862444147
bcr23_2025_2016_19_new,94,2.92122493214239,14.741908896416,18.734778278599332,22.65333840771512,44.591071938845566
bcr23_2025_2016_19_new,95,2.9128463383991137,14.712256719976597,18.799224064335377,22.69933759399752,44.69819687489178
bcr23_2025_2016_19_new,96,2.904226595138604,14.695911374376255,18.79117845026468,22.776310770151717,44.80155907405024
bcr23_2025_2016_19_new,97,2.8953721076523093,14.750330792014934,18.835385346092274,22.88382317256115,44.90119405520036
bcr23_2025_2016_19_new,98,2.8862891823716845,14.760205052988734,18.866154180349355,23.003916321486408,44.997137215184736
bcr23_2025_2016_19_new,99,2.876984028042057,14.783951428489026,18.953502757078724,23.075570975726357,45.08942382915973
bcr23_2025_2016_19_new,100,2.8674627568742252,14.793430386539184,18.99975039034776,23.03658898303791,45.178089050760654
bcr23_2025_2016_19_new,101,2.857731385675343,14.91194976074493,19.03788302261144,23.080027596967852,45.26316791209702
bcr23_2025_2016_19_new,102,2.8477958369603757,14.948730413247182,19.082011401755896,23.104030186976594,45.344695323593946
bcr23_2025_2016_19_new,103,2.8376619400454297,15.004770480952267,19.134290438779114,23.178440359085272,45.422706073693014
bcr23_2025_2016_19_new,104,2.8273354321240216,15.02504662831032,19.126840085642073,23.19455250406989,45.497234828426045
bcr23_2025_2016_19_new,105,2.8168219593274246,15.071537365173295,19.166387647698386,23.217748259005564,45.568316130873434
bcr23_2025_2016_19_new,106,2.806127077769936,15.090453646092953,19.207189996722445,23.20646586758002,45.63598440051877
bcr23_2025_2016_19_new,107,2.7952562545800386,15.110221327685283,19.234200761997137,23.245261275003344,45.700273932509354
bcr23_2025_2016_19_new,108,2.78421486891818,15.195851286757346,19.245246201513556,23.211345535762938,45.76121889683315
bcr23_2025_2016_19_new,109,2.7730082129819413,15.206622659023902,19.271843850875438,23.233286307190845,45.81885333742014
bcr23_2025_2016_19_new,110,2.76164149299925,15.293534148884905,19.328729976522222,23.21593270749814,45.87321117117727
bcr23_2025_2016_19_new,111,2.750119830210248,15.092072767518285,19.377224932715038,23.169351972878175,45.92432618696381
bcr23_2025_2016_19_new,112,2.7384482618383674,15.055428258518905,19.377320734084353,23.177060103366127,45.97223204451517
bcr23_2025_2016_19_new,113,2.726631742051122,15.029671244682186,19.354413896232845,23.160672475087445,46.01696227332089
bcr23_2025_2016_19_new,114,2.714675142911099,15.070894981639535,19.300012900626612,23.143083679309356,46.05855027146357
bcr23_2025_2016_19_new,115,2.702583255317539,15.041724142150715,19.312887178226937,23.161238773670714,46.0970293044244
bcr23_2025_2016_19_new,116,2.6903607899389117,15.01391584246123,19.40201031650234,23.17670622630554,46.13243250386011
bcr23_2025_2016_19_new,117,2.6780123781368292,14.96735061552903,19.37688615863115,23.21572056327616,46.16479286635669
bcr23_2025_2016_19_new,118,2.6655425728816176,14.90898978923267,19.355035294736005,23.185560721497012,46.38293579712727
bcr23_2025_2016_19_new,119,2.6529558496598358,14.784828892358433,19.35819569691757,23.154539966323174,46.785014806178395
bcr23_2025_2016_19_new,120,2.640256607373996,14.72493554758945,19.322349096826155,23.107333054910043,47.187559190146736
bcr23_2025_2022_24_full,1,0.8801051595316494,3.9712084364303037,4.976563427446026,6.1558245663476185,35.42998578133506
bcr23_2025_2022_24_full,2,0.996268522853484,4.456406605410263,5.582927791557039,6.890604718623683,39.06534261051878
bcr23_2025_2022_24_full,3,1.093865032248453,4.849627099039734,6.082143272216173,7.490735960337609,41.72366413508611
bcr23_2025_2022_24_full,4,1.1821974813574094,5.200213335699054,6.511819830654368,8.009504636619718,43.834331099121606
bcr23_2025_2022_24_full,5,1.264828775437703,5.521158686669489,6.911766783973414,8.486791436900708,45.569201687357186
bcr23_2025_2022_24_full,6,1.3435658001031792,5.822864155264851,7.281570692580846,8.944931034368668,47.01958154226616
bcr23_2025_2022_24_full,7,1.4149550405379334,6.1096649911521155,7.634050269521737,9.358360951338453,48.241814757667115
bcr23_2025_2022_24_full,8,1.4737809972828446,6.375969131569423,7.96566436493455,9.760442069528917,49.274131519625996
bcr23_2025_2022_24_full,9,1.5297240011575695,6.6361655427152595,8.282663116402219,10.139367116094391,50.144241351141524
bcr23_2025_2022_24_full,10,1.5831749360161669,6.887008137478916,8.597001400131262,10.504203313947949,50.87322884549767
bcr23_2025_2022_24_full,11,1.6344289538408379,7.124820358623359,8.891420299572802,10.849919574286284,51.47774577960478
bcr23_2025_2022_24_full,12,1.6837155128763954,7.349335037633697,9.180618656795293,11.200856325014149,51.97133354653813
bcr23_2025_2022_24_full,13,1.7312173070285766,7.572451146715742,9.465323137026829,11.531003269414125,52.36526569954041
bcr23_2025_2022_24_full,14,1.7770827273854815,7.7919497499622,9.738677341986063,11.862675702421532,52.669108949307656
bcr23_2025_2022_24_full,15,1.8214343662029764,8.010689103965072,10.010550275453086,12.174889986756817,52.891110565085654
bcr23_2025_2022_24_full,16,1.8643749977661275,8.226659731200662,10.281573129504515,12.482713527918461,53.038474242898474
bcr23_2025_2022_24_full,17,1.9059918939729672,8.432348691294798,10.538719076508986,12.785814245788906,53.1175617861707
bcr23_2025_2022_24_full,18,1.9463600078320156,8.623605155143986,10.80141801305173,13.077273481831746,53.134043953329325
bcr23_2025_2022_24_full,19,1.9855443674112272,8.805163457073823,11.04549820898482,13.375873323649259,53.093015568322706
bcr23_2025_2022_24_full,20,2.0236019066938735,8.998053993655812,11.285983709705812,13.669140090602609,52.99908493555935
bcr23_2025_2022_24_full,21,2.0605828868611593,9.184425628481126,11.523853426129438,13.9506800470533,52.8564444085806
bcr23_2025_2022_24_full,22,2.096532014411942,9.363685290996745,11.753392775514214,14.218848526803749,52.6689268892796
bcr23_2025_2022_24_full,23,2.131489331348339,9.542909523912147,11.982782682519472,14.502453031637215,53.33982802735752
bcr23_2025_2022_24_full,24,2.165490931561679,9.719616197004601,12.208167243654549,14.75558570979354,54.08584821704186
bcr23_2025_2022_24_full,25,2.198569543000589,9.900672339863453,12.431961997289704,15.029706364040262,54.80968405038386
bcr23_2025_2022_24_full,26,2.23075500498409,10.067774354548943,12.642284244824426,15.274140516769602,55.51213477560544
bcr23_2025_2022_24_full,27,2.262074662730644,10.246936540692158,12.856356116486545,15.537751315570375,56.193933017757
bcr23_2025_2022_24_full,28,2.2925536958939494,10.422578367756401,13.058381352050745,15.774570159876584,56.85575335445257
bcr23_2025_2022_24_full,29,2.3222153940214167,10.589534450547024,13.266824988592154,16.01751094780092,57.498219519596375
bcr23_2025_2022_24_full,30,2.35108138897211,10.74507273133269,13.469306872097295,16.239291029729905,58.121910493403185
bcr23_2025_2022_24_full,31,2.3791718521674485,10.895927119638571,13.661055006881025,16.465822134669505,58.72736568147984
bcr23_2025_2022_24_full,32,2.406505662904968,11.046510236994092,13.859666496027241,16.695631921134236,48.98389488048639
bcr23_2025_2022_24_full,33,2.433100552705257,11.21535328713406,14.042351068074602,16.916079995728822,48.486515555558455
bcr23_2025_2022_24_full,34,2.4589732296871536,11.352469545465391,14.227735957106132,17.13822704351395,47.9732719295868
bcr23_2025_2022_24_full,35,2.48413948620521,11.490020167186925,14.413290803974824,17.351656015205712,47.445682818387674
bcr23_2025_2022_24_full,36,2.50861429238462,11.634567640604542,14.595963640341807,17.56112729237566,46.905175326016874
bcr23_2025_2022_24_full,37,2.532411877714391,11.772084915412602,14.77274328463437,17.779601578959262,46.35309099508638
bcr23_2025_2022_24_full,38,2.5555458024806814,11.916090982758648,14.956598147788327,17.994483535147545,45.790691381135936
bcr23_2025_2022_24_full,39,2.578029020518074,12.056648649734635,15.124361377582439,18.213166518431933,45.21916312555872
bcr23_2025_2022_24_full,40,2.599873934510521,12.199242148054248,15.288968608704595,18.407044241499385,44.63962258971528
bcr23_2025_2022_24_full,41,2.6210924448737414,12.343992165375289,15.46626725138688,18.612287677716523,44.05312010316808
bcr23_2025_2022_24_full,42,2.6416959930873376,12.476661001072682,15.634281273664174,18.793089382180508,43.46064387099921
bcr23_2025_2022_24_full,43,2.66169560021051,12.605140389609877,15.790796808435072,18.983730785340413,42.86312357858424
bcr23_2025_2022_24_full,44,2.6811019012042023,12.731051794145035,15.966857735514893,19.179416396520722,42.26143372672572
bcr23_2025_2022_24_full,45,2.699925175590461,12.8507329208074,16.11791664951717,19.37741167702938,41.65639672548306
bcr23_2025_2022_24_full,46,2.718175374902929,12.974684361684629,16.27800874235327,19.548557534797496,41.04878577121008
bcr23_2025_2022_24_full,47,2.735862147318095,13.0992677964095,16.422270691262064,19.732338208067066,40.43932752808837
bcr23_2025_2022_24_full,48,2.7529948598029645,13.213885869025976,16.560101150351777,19.929929262517724,40.058445135445965
bcr23_2025_2022_24_full,49,2.7695826180690486,13.326449506272745,16.701604216204206,20.102128328446504,40.256310599352965
bcr23_2025_2022_24_full,50,2.785634284584121,13.461035216300463,16.837298559517688,20.261705888225162,40.44676085446352
bcr23_2025_2022_24_full,51,2.801158494860179,13.565641993538417,16.97916112526783,20.423451021857414,40.62993327708262
bcr23_2025_2022_24_full,52,2.810604088560045,13.673696547545017,17.111682340305485,20.594178823561563,40.80596143219786
bcr23_2025_2022_24_full,53,2.8175861213049274,13.781513513723588,17.25354944772948,20.751280453073967,41.11592743596014
bcr23_2025_2022_24_full,54,2.8240477322510733,13.879928076563594,17.39055489062327,20.92907487257845,41.70408734088616
bcr23_2025_2022_24_full,55,2.8300001652680287,13.986758054116985,17.52810315788677,21.08686033779574,42.29282997926686
bcr23_2025_2022_24_full,56,2.8354543946247963,14.061515704168459,17.66436802815476,21.256636050935203,42.88215962536169
bcr23_2025_2022_24_full,57,2.8404211376224433,14.17080387345991,17.79274880809277,21.39935373944091,43.472079524496166
bcr23_2025_2022_24_full,58,2.844910866239508,14.267925942108889,17.926226819029438,21.53564643547337,44.06259196517061
bcr23_2025_2022_24_full,59,2.8489338178854804,14.376995086663312,18.05423947705363,21.697304976631838,44.65369834530766
bcr23_2025_2022_24_full,60,2.85250000534711,14.46159378517254,18.188456420117046,21.8570259403187,45.24539923320102
bcr23_2025_2022_24_full,61,2.8556192260030335,14.595394598935382,18.35267604999386,22.034109069860577,42.08913784376495
bcr23_2025_2022_24_full,62,2.8583010703741776,14.68515524171734,18.47289761945632,22.172407486218614,42.20037197824259
bcr23_2025_2022_24_full,63,2.8605549300701965,14.752314788964902,18.58106375043646,22.300679127145763,42.30573297987289
bcr23_2025_2022_24_full,64,2.862390005186013,14.822189035112768,18.703729031915042,22.451237518666368,42.483403961698016
bcr23_2025_2022_24_full,65,2.86381531119694,14.891491074215567,18.80759429499288,22.600974693888194,42.67842582932339
bcr23_2025_2022_24_full,66,2.864839685395983,14.95222061139896,18.913304518212566,22.759515098082595,42.8681328646249
bcr23_2025_2022_24_full,67,2.8654717929125657,15.026925182591302,19.044934750339568,22.89926828488806,43.05258757552072
bcr23_2025_2022_24_full,68,2.8657201323481107,15.093074441299315,19.130068280559374,23.04746059822332,43.2318515519265
bcr23_2025_2022_24_full,69,2.865593041060419,15.18194730250131,19.223021605976268,23.186337522170916,43.43410035364257
bcr23_2025_2022_24_full,70,2.8650987001257398,15.253543339049916,19.33408701471651,23.302322384231402,43.84212692950223
bcr23_2025_2022_24_full,71,2.864245139004796,15.326260013056354,19.44360725194616,23.423566734478094,44.248286622668275
bcr23_2025_2022_24_full,72,2.8630402399364012,15.409072111549342,19.530739183087988,23.562633370414844,44.6525781209511
bcr23_2025_2022_24_full,73,2.861491742080339,15.492712060796716,19.620423321275318,23.668051189532683,45.054999893506036
bcr23_2025_2022_24_full,74,2.8596072454290042,15.570463027284875,19.706576867074585,23.818370270160244,45.45555021151793
bcr23_2025_2022_24_full,75,2.857394214505748,15.639805907630448,19.789985342994918,23.936852065078195,45.85422716745352
bcr23_2025_2022_24_full,76,2.8548599818660954,15.72648794106559,19.884272499928286,24.071272358313983,46.25102869298943
bcr23_2025_2022_24_full,77,2.8520117514167436,15.810725435350356,19.96275165139782,24.19101576109952,46.64595257571781
bcr23_2025_2022_24_full,78,2.848856601565829,15.881592844612094,20.049273356412098,24.301837390179255,47.03899647471971
bcr23_2025_2022_24_full,79,2.8454014882169,15.962113157478665,20.141783075147863,24.42282015682242,47.43015793509077
bcr23_2025_2022_24_full,80,2.8416532476179093,16.025577514406834,20.238011470930676,24.53837749593702,47.819434401495656
bcr23_2025_2022_24_full,81,2.8376185990755824,16.088283921853847,20.33178263830174,24.659544429480107,48.20682323082104
bcr23_2025_2022_24_full,82,2.8333041475447573,16.147726538917873,20.402186426313868,24.76243336658909,48.59232170399203
bcr23_2025_2022_24_full,83,2.82871638610137,16.22611997348244,20.484086448808533,24.863559102186212,48.97592703701124
bcr23_2025_2022_24_full,84,2.823861698307145,16.282523959781102,20.553282263373028,24.981378473452384,49.35763639127433
bcr23_2025_2022_24_full,85,2.8187463604733995,16.34751224043555,20.606121064857376,25.091909982296396,49.7374468832127
bcr23_2025_2022_24_full,86,2.813376543830677,16.38141153525101,20.685044132386825,25.190491852471308,50.115355593309346
bcr23_2025_2022_24_full,87,2.80775831661059,16.42686236285237,20.74950596645104,25.30110506042623,50.49135957452981
bcr23_2025_2022_24_full,88,2.8018976460455267,16.47872357941571,20.81162399081464,25.397139486257963,50.865455860208584
bcr23_2025_2022_24_full,89,2.795800400291627,16.531747515397907,20.90518182016729,25.47339230638742,51.237641471425924
bcr23_2025_2022_24_full,90,2.78947235027989,16.598528677077294,20.991668647967867,25.581973413656772,51.60791342390957
bcr23_2025_2022_24_full,91,2.7829191714999957,16.73770132585646,21.15730341461379,25.69768985104984,51.97626873449203
bcr23_2025_2022_24_full,92,2.776146445720995,16.792862467669188,21.216769410852173,25.773669085093708,52.34270442715209
bcr23_2025_2022_24_full,93,2.7691596626527994,16.847034799433374,21.282952470527285,25.845142530832256,52.70721753866731
bcr23_2025_2022_24_full,94,2.761964221552033,16.90318287133353,21.35525230963927,25.933653177634685,53.06980512390186
bcr23_2025_2022_24_full,95,2.754565432775587,16.940549683231588,21.40557182813937,26.022170345276628,53.43046426075327
bcr23_2025_2022_24_full,96,2.7469685192849838,16.988858732950547,21.475054096354754,26.11910819814068,53.78919205477891
bcr23_2025_2022_24_full,97,2.7391786181043956,17.067139356767107,21.55131251273277,26.22830923910897,47.16123044851947
bcr23_2025_2022_24_full,98,2.7312007817349753,17.119517796884164,21.625448702110866,26.305068348118752,47.23698573816676
bcr23_2025_2022_24_full,99,2.723039979528009,17.18383882945105,21.693822135956403,26.381114827780383,47.42639226355721
bcr23_2025_2022_24_full,100,2.7147010990191225,17.244078433246436,21.749929501814282,26.445102034207437,47.728984718176
bcr23_2025_2022_24_full,101,2.7061889472257503,17.2986154121904,21.81555244149692,26.514874754245987,48.02954582381488
bcr23_2025_2022_24_full,102,2.697508251909795,17.330540637275547,21.84858960248252,26.58808798083205,48.32807210982059
bcr23_2025_2022_24_full,103,2.6886636628073677,17.388960583424193,21.89517342755642,26.681341412173488,48.07132481667969
bcr23_2025_2022_24_full,104,2.6796597528272845,17.418126719018666,21.960650655149937,26.734380478051715,48.300950544941976
bcr23_2025_2022_24_full,105,2.6705010192200103,17.43329125383924,22.046137198621224,26.79843452694808,48.527848487581686
bcr23_2025_2022_24_full,106,2.6611918847184373,17.495938170006905,22.090658323328142,26.853504181576007,48.75202474343278
bcr23_2025_2022_24_full,107,2.6517366986519892,17.567499108510628,22.162507025189765,26.9282344893516,48.973485542883914
bcr23_2025_2022_24_full,108,2.642139738035309,17.600879778603158,22.214437377796962,26.98541525912513,49.19223724730666
bcr23_2025_2022_24_full,109,2.632405208632754,17.635725475474302,22.248952208060782,27.022569094617417,49.40828634838571
bcr23_2025_2022_24_full,110,2.622537245999842,17.688982648472813,22.296810089011977,27.123676962608688,49.62163946735895
bcr23_2025_2022_24_full,111,2.6125399165027066,17.742139792264176,22.365194614259185,27.180210847661428,49.83230335417351
bcr23_2025_2022_24_full,112,2.602417218316587,17.758431027007635,22.395755540745697,27.20578581020825,50.04028488656402
bcr23_2025_2022_24_full,113,2.5921730824042037,17.811218234831507,22.477376084669057,27.299457921985887,50.24559106905823
bcr23_2025_2022_24_full,114,2.5818113734750128,17.847871022590894,22.530307943489813,27.306335595415305,50.56354417472166
bcr23_2025_2022_24_full,115,2.571335890926033,17.880807430693515,22.56518375660105,27.30357717950713,50.93329661514412
bcr23_2025_2022_24_full,116,2.560750369765097,17.922003289521705,22.625718244711575,27.36670783091474,51.30231640447207
bcr23_2025_2022_24_full,117,2.550058481517204,17.9294824888789,22.702354140551005,27.415681155691537,51.67059328072786
bcr23_2025_2022_24_full,118,2.539263835114648,17.924456314883113,22.748108324155474,27.46470500583066,52.03811705606284
bcr23_2025_2022_24_full,119,2.5283699777715873,17.814086418190392,22.753692921313746,27.46304327441089,52.40487761750965
bcr23_2025_2022_24_full,120,2.517380395843587,17.724685695592377,22.684054995396938,27.364059439025297,52.770864927685324
bcr23_2025_2022_24_new,1,1.1436935059220683,4.4088923846050045,5.598658316710045,7.117372200863157,19.379150651524967
bcr23_2025_2022_24_new,2,1.2504441439719298,4.8487697629202975,6.132477248298442,7.7953254748299505,20.933953141740403
bcr23_2025_2022_24_new,3,1.3354710785442512,5.197500956372499,6.575966100634333,8.33894686819306,22.12109168741548
bcr23_2025_2022_24_new,4,1.4090708068735422,5.495342946781294,6.968856898706582,8.83457637801574,23.110674575570116
bcr23_2025_2022_24_new,5,1.475238161538699,5.7687826787923715,7.322909697605163,9.24858071431354,24.023946999380453
bcr23_2025_2022_24_new,6,1.5360252249021977,6.019911355779944,7.644388025448367,9.628158904512258,24.995956966736568
bcr23_2025_2022_24_new,7,1.5926530374217602,6.259893486575911,7.94451687246191,10.020588573974589,25.898928241019494
bcr23_2025_2022_24_new,8,1.6459185589953875,6.47862457863163,8.242678566342686,10.373262067930355,26.74595798291412
bcr23_2025_2022_24_new,9,1.6963763949448964,6.6926213555554,8.526027886869999,10.679858727282586,27.54617067291792
bcr23_2025_2022_24_new,10,1.7444311704694615,6.917182094903178,8.797282527382784,10.996628624093802,28.306231180355066
bcr23_2025_2022_24_new,11,1.7903890238286615,7.1237616795478935,9.051110221003267,11.27762998742752,29.03118847766299
bcr23_2025_2022_24_new,12,1.8344883742642502,7.321390755556661,9.303995838155242,11.56031206275791,29.724979931922366
bcr23_2025_2022_24_new,13,1.8769193324020157,7.511992609117922,9.548230068461752,11.872423557052457,30.39074954516762
bcr23_2025_2022_24_new,14,1.9178364930480183,7.684639065254112,9.782026655232453,12.155506179066702,31.03105776273586
bcr23_2025_2022_24_new,15,1.9573676757584226,7.848660068875594,10.008678873331647,12.469074484456167,31.64802486800827
bcr23_2025_2022_24_new,16,1.9956200798933392,8.025029990170676,10.221094454963268,12.796159641880706,32.243431991668174
bcr23_2025_2022_24_new,17,2.0326847318356465,8.18224083541666,10.4270993969623,13.037647547665319,32.81879411683174
bcr23_2025_2022_24_new,18,2.0686397702239234,8.38608617794538,10.67096205328307,13.331988293202038,33.37541402593376
bcr23_2025_2022_24_new,19,2.1035529200853955,8.556173531289339,10.870322613299,13.637335357097356,33.91442294116683
bcr23_2025_2022_24_new,20,2.1374833879899455,8.711971394580981,11.086054768521846,13.883499817133607,34.436811664215185
bcr23_2025_2022_24_new,21,2.170483335687519,8.865987056466713,11.292021995343,14.112165942809133,34.943454797473564
bcr23_2025_2022_24_new,22,2.202599041444111,9.008587277217677,11.481292172293081,14.348233557859944,35.435129838104835
bcr23_2025_2022_24_new,23,2.233871826340315,9.15185822863036,11.67489902253737,14.605413786369946,35.91253241247683
bcr23_2025_2022_24_new,24,2.2643388011699503,9.30035330729734,11.855823134461435,14.792846988872867,36.376288563911956
bcr23_2025_2022_24_new,25,2.2940334746484163,9.486623423974633,12.07415645827474,15.059849225240965,36.826964761870066
bcr23_2025_2022_24_new,26,2.3229862531522754,9.661575599278992,12.267575823685412,15.347914431289912,37.26507612865407
bcr23_2025_2022_24_new,27,2.351224854723357,9.801370328486442,12.468922625687028,15.583322322871458,37.691093256881814
bcr23_2025_2022_24_new,28,2.3787746546452637,9.944581045969619,12.629200026449455,15.818663042324083,38.105447901947365
bcr23_2025_2022_24_new,29,2.4056589759163547,10.080919533215859,12.79904273739338,16.013233092473868,38.50853776831768
bcr23_2025_2022_24_new,30,2.4318993349815328,10.235886061578814,12.95946097481059,16.264492742126,38.90073055989832
bcr23_2025_2022_24_new,31,2.4575156508581593,10.392064170962637,13.115218018007742,16.538167629066955,39.282367428142
bcr23_2025_2022_24_new,32,2.4825264240991394,10.544584272275513,13.270410037845764,16.734380878121947,36.7068057339553
bcr23_2025_2022_24_new,33,2.5069488907375423,10.679729961361135,13.490856471049298,16.9182090594817,37.08670250031299
bcr23_2025_2022_24_new,34,2.530799155351563,10.792124610298544,13.652094420431576,17.108292934937175,37.458201165636595
bcr23_2025_2022_24_new,35,2.5540923066031525,10.935519248590946,13.773893389922126,17.341632920751415,37.82151718033738
bcr23_2025_2022_24_new,36,2.5768425179854693,11.040258424708504,13.954115091346845,17.578934784925554,38.17685279994401
bcr23_2025_2022_24_new,37,2.5990631360238865,11.15678946343887,14.115633003762596,17.799486279770903,38.524398366292225
bcr23_2025_2022_24_new,38,2.620766757783686,11.257142666239385,14.27019348807198,17.997875779260152,38.86433343297286
bcr23_2025_2022_24_new,39,2.6419652992227065,11.376938899141928,14.475069327383451,18.185185015488315,39.19682775747171
bcr23_2025_2022_24_new,40,2.6626700556725824,11.492999659981402,14.667480925514685,18.35458616994981,39.52204217871628
bcr23_2025_2022_24_new,41,2.682891755524875,11.60746739099974,14.872208278805633,18.54497077968837,39.84012939572067
bcr23_2025_2022_24_new,42,2.702640608028917,11.754425642459104,15.05269658999319,18.74540899953511,40.15123466054655
bcr23_2025_2022_24_new,43,2.7219263459686305,11.874107458384685,15.209766180644475,18.92711273977887,40.455496396761134
bcr23_2025_2022_24_new,44,2.740758263870378,11.994503404011944,15.405943618866923,19.12981610258974,40.75304675289453
bcr23_2025_2022_24_new,45,2.7591452522980546,12.114163831758882,15.546741717873838,19.328501501117266,41.044012098998486
bcr23_2025_2022_24_new,46,2.7770958287117904,12.21625785080846,15.703254030798396,19.533768096849368,41.32851347324655
bcr23_2025_2022_24_new,47,2.7946181652996773,12.32804135359885,15.847774242927574,19.732250384427353,41.60666698453744
bcr23_2025_2022_24_new,48,2.811720114135613,12.44203042610097,16.006446781250617,19.914234748757917,41.87858417624399
bcr23_2025_2022_24_new,49,2.828409229968782,12.56499707271767,16.169218687315364,20.08562459084897,42.1443723555547
bcr23_2025_2022_24_new,50,2.8446927909099737,12.68541320117242,16.324280963347817,20.263649588379614,42.40413489226939
bcr23_2025_2022_24_new,51,2.8605778172456295,12.77892471788032,16.474356484623485,20.496673829480635,42.657971490408485
bcr23_2025_2022_24_new,52,2.87607108858121,12.888143528794641,16.624088563618276,20.643619989489412,42.90597843556947
bcr23_2025_2022_24_new,53,2.891179159490397,12.972300197254661,16.795413572111222,20.7604414602257,43.14824882059952
bcr23_2025_2022_24_new,54,2.9059083738250773,13.050125734284364,16.953955336599307,20.988702344532182,43.38487275183648
bcr23_2025_2022_24_new,55,2.9202648778225013,13.155355358023048,17.11736934425704,21.158708010265602,43.61593753790369
bcr23_2025_2022_24_new,56,2.9342546321299174,13.257186695952797,17.247554970536996,21.326839342546965,43.841527862806906
bcr23_2025_2022_24_new,57,2.9478834228531166,13.35068635518623,17.380555223165523,21.516214679363983,44.061725944880585
bcr23_2025_2022_24_new,58,2.9611568717231775,13.483071912754202,17.547413348388936,21.71503812195922,44.27661168295487
bcr23_2025_2022_24_new,59,2.9740804454652148,13.589318719518824,17.687637787102904,21.90469208484333,44.48626279096084
bcr23_2025_2022_24_new,60,2.9866594644436866,13.721638715881749,17.81592666857091,22.073050214074126,44.69075492205702
bcr23_2025_2022_24_new,61,2.9988991106508105,13.819021780431202,17.945371189352258,22.192166350488083,44.890161783244366
bcr23_2025_2022_24_new,62,3.0108044350975067,13.880820708130356,18.057410546743192,22.339221843394167,45.08455524133306
bcr23_2025_2022_24_new,63,3.022380364660119,13.999437544300543,18.272493615148065,22.56469753197533,45.27400542103318
bcr23_2025_2022_24_new,64,3.033631708430668,14.092228089235318,18.4456724187998,22.777032742794944,45.45858079586476
bcr23_2025_2022_24_new,65,3.0445631636135397,14.181229589058763,18.437731935598368,22.935042924063097,45.63834827250736
bcr23_2025_2022_24_new,66,3.0551793210072296,14.238687507365292,18.559413787545537,23.051471174586602,45.81337326915233
bcr23_2025_2022_24_new,67,3.065484670105973,14.349327944125477,18.768082381217877,23.259805885324717,45.9837197883611
bcr23_2025_2022_24_new,68,3.075483603852726,14.434710667943616,18.90651409136401,23.478231945418436,46.14945048488743
bcr23_2025_2022_24_new,69,3.0851804230719106,14.528863627176458,19.057833252351625,23.659217552851878,46.31062672887465
bcr23_2025_2022_24_new,70,3.09457934060773,14.605046537601432,19.204043242596626,23.80461002420591,46.46730866480328
bcr23_2025_2022_24_new,71,3.103684485191381,14.670650375935693,19.296450902795076,23.910886081390725,46.61955526652593
bcr23_2025_2022_24_new,72,3.1124999050584625,14.747292052698082,19.409085651344835,24.01676297440278,46.767424388699396
bcr23_2025_2022_24_new,73,3.121029571335812,14.821798582346128,19.563073987726554,24.07354994852071,46.91097281489232
bcr23_2025_2022_24_new,74,3.129277381215441,14.868186168076829,19.663290801416174,24.27131190642272,47.05025630262376
bcr23_2025_2022_24_new,75,3.137247160931563,14.932610855386887,19.750206056060254,24.385634478045276,47.18532962556578
bcr23_2025_2022_24_new,76,3.144942668555391,15.019008477103343,19.85062227726188,24.598925612056327,47.31624661312104
bcr23_2025_2022_24_new,77,3.152367596621094,15.127331982072445,19.98043085682169,24.77969198921357,47.44306018757089
bcr23_2025_2022_24_new,78,3.1595255745951714,15.18865410444998,20.05138493252375,24.89453562432179,47.56582239896958
bcr23_2025_2022_24_new,79,3.1664201712004836,15.222348941906347,20.16947201102012,25.23852755442753,47.684584457949455
bcr23_2025_2022_24_new,80,3.1730548966052625,15.299884716614269,20.241259899617376,25.385885140562124,47.79939676658436
bcr23_2025_2022_24_new,81,3.179433204486531,15.352610634148428,20.270806896062698,25.344940167963117,47.91030894744934
bcr23_2025_2022_24_new,82,3.1855584939766963,15.399936398675674,20.400058020745426,25.409821086916683,48.01736987100238
bcr23_2025_2022_24_new,83,3.191434111501256,15.49717767661597,20.508463395530246,25.534958648889933,48.39831356020405
bcr23_2025_2022_24_new,84,3.19706335251507,15.586456429924139,20.584838459962967,25.76283052585372,49.01912732854291
bcr23_2025_2022_24_new,85,3.2024494631439504,15.632297032968827,20.720008214192802,25.843798538505332,49.64422154477618
bcr23_2025_2022_24_new,86,3.2075956417378713,15.700389551443543,20.81924663086456,26.044682772917874,50.27362308677406
bcr23_2025_2022_24_new,87,3.2125050403415996,15.783135180434911,20.922858787162742,26.150350453791773,50.9073587720515
bcr23_2025_2022_24_new,88,3.2171807660881218,15.840042137194926,20.942264486638834,26.31347340708827,51.54545536465306
bcr23_2025_2022_24_new,89,3.221625882519814,15.894787444992357,20.95919418330567,26.402897882955482,52.18793958168176
bcr23_2025_2022_24_new,90,3.225843410841979,15.949843832281918,21.027026995831886,26.47034681196425,52.834838099492885
bcr23_2025_2022_24_new,91,3.2298363311129874,16.163842694511217,21.300646357255044,26.701762260397402,53.486177559575204
bcr23_2025_2022_24_new,92,3.2336075833750204,16.257198482195818,21.40844777193073,26.863833480723354,54.1419845741391
bcr23_2025_2022_24_new,93,3.2371600687290356,16.36055415803638,21.575511095842533,26.975421789048667,54.80228573142963
bcr23_2025_2022_24_new,94,3.240496650357418,16.427215702217246,21.62354571403324,27.011073442971583,55.46710760078191
bcr23_2025_2022_24_new,95,3.243620154497468,16.48520091087338,21.68639880761367,27.16444725768622,56.136476737434236
bcr23_2025_2022_24_new,96,3.2465333713686864,16.559353155005486,21.76568417977834,27.180391443232832,56.81041968711373
bcr23_2025_2022_24_new,97,3.249239056056602,16.60849177918467,21.83682815162257,27.288761418998853,57.488962990408375
bcr23_2025_2022_24_new,98,3.2517399293557263,16.681766647155605,21.953875509890768,27.39627114525542,58.1721331869374
bcr23_2025_2022_24_new,99,3.254038678573997,16.755311953382346,22.0307602813362,27.474882868721004,58.8599568193333
bcr23_2025_2022_24_new,100,3.2561379583009793,16.797936810842998,22.096758131887775,27.633690116456325,59.55246043704435
bcr23_2025_2022_24_new,101,3.2580403911418743,16.852108943193063,22.160722048788024,27.771669841875806,60.24967059997044
bcr23_2025_2022_24_new,102,3.2597485684193117,16.86293183553054,22.20328959210299,27.81442284288135,60.951613881939274
bcr23_2025_2022_24_new,103,3.2612650508447234,16.9621484656629,22.269635807523628,27.78264509807464,61.65831687403444
bcr23_2025_2022_24_new,104,3.262592369161025,17.008294794722453,22.33273540705436,27.921410026101565,62.369806187781386
bcr23_2025_2022_24_new,105,3.263733024758184,17.087330791145643,22.505676876960244,28.170760380774595,63.08610845820101
bcr23_2025_2022_24_new,106,3.2646894902631796,17.39210983871946,22.68103100009476,28.317979831254252,63.80725034673699
bcr23_2025_2022_24_new,107,3.2654642101057485,17.55622625871308,22.801738251635246,28.56192418147785,64.53325854406434
bcr23_2025_2022_24_new,108,3.266059601061226,17.647505954501447,22.881528149930897,28.87061239483922,65.2641597727858
bcr23_2025_2022_24_new,109,3.2664780527717356,17.837596201227477,22.953664550821856,29.043751733433556,65.99998079002125
bcr23_2025_2022_24_new,110,3.266721928246852,17.84486502266899,23.20863383192447,29.258135156329352,56.404842441317584
bcr23_2025_2022_24_new,111,3.2667935643448573,17.93845691490731,23.21313399348755,29.435517455313924,56.91603373386229
bcr23_2025_2022_24_new,112,3.266695272235577,17.98925840309247,23.313241882365286,29.63817134050555,57.42879485749048
bcr23_2025_2022_24_new,113,3.266429337845798,18.164598096152663,23.523551566362872,29.81572252069983,57.943126311882445
bcr23_2025_2022_24_new,114,3.265998022288121,18.137692861887277,23.627025658769647,30.058374125519595,58.4590285353468
bcr23_2025_2022_24_new,115,3.2654035622741517,17.892660028938185,23.365621905585332,30.022332790580077,58.976501906690345
bcr23_2025_2022_24_new,116,3.2646481705127828,17.81075768888497,23.38059778445253,29.855373664537883,59.495546747010096
bcr23_2025_2022_24_new,117,3.2637340360943456,17.492867519648378,23.08154249055991,29.813855767111015,45.5680644721854
bcr23_2025_2022_24_new,118,3.2626633248613444,17.480386091160785,23.04090424993624,29.709901748654865,45.87119211806933
bcr23_2025_2022_24_new,119,3.2614381797664316,17.57816072994471,23.597854337102753,30.19165680697496,46.174089342764816
bcr23_2025_2022_24_new,120,3.260060721218258,17.62713465104647,23.661758098035783,30.124961100643763,46.476753498090325
