observer_id,fit,se,batch
obsr1000087,2.7035726571903616,0.026738733562013388,1
obsr1000563,2.951097106590692,0.04640371060174111,1
obsr1000570,2.516858556803676,0.08503543544139462,1
obsr1000742,2.7003266826284387,0.06640326013686228,1
obsr1000873,2.972607657118927,0.024696784861047587,1
obsr1001040,2.892656912911916,0.10507397844351844,1
obsr1001265,2.676468533243705,0.05085352321089694,1
obsr1001300,3.1168199872735136,0.08635925220683283,1
obsr1002278,2.8380597306771964,0.0652131158098634,1
obsr1002334,3.1562782660950166,0.05694390595273633,1
obsr1002600,3.1141251236202367,0.04543064804465017,1
obsr1003045,2.3666101094705287,0.04659922908841794,1
obsr1003415,2.739182832072438,0.02877374050367338,1
obsr1003745,2.974884858581311,0.0682406555243057,1
obsr1004137,2.220933209983524,0.06330724431275256,1
obsr1004991,3.09104109036335,0.20069593766037783,1
obsr1005970,3.0704135197259466,0.054866931409730715,1
obsr1006068,2.8404694645220827,0.05742985492193863,1
obsr1006101,2.9296256021581404,0.1991579166385785,1
obsr1006842,2.7692901332917605,0.06147185837426123,1
obsr1007241,2.29474538676442,0.06716442944907683,1
obsr1007875,3.119139849458611,0.049450248403800724,1
obsr1007898,2.6818280477490233,0.12188880913420376,1
obsr1007899,2.524544090298311,0.13241721129247463,1
obsr1007904,3.1858478947271522,0.07785188793517768,1
obsr1007969,2.6526498344124305,0.09851880117100988,1
obsr1008316,2.974104471906992,0.05388029599692785,1
obsr1008445,2.6339738207975874,0.10541031000170688,1
obsr1008448,2.535515167226681,0.06675159432576973,1
obsr1008449,2.4348823760799023,0.11158630937522895,1
obsr1008451,2.6400225802495703,0.08420215131889747,1
obsr1008454,2.5478596296426126,0.12298924781667554,1
obsr1008456,2.6869958638606604,0.08070161688482809,1
obsr1008457,1.9756157280687379,0.11216105304192323,1
obsr1008459,2.431566048205038,0.09209828584161966,1
obsr1008461,2.821073218471127,0.06276721455628281,1
obsr1008462,2.399000187123034,0.1016225347229931,1
obsr1008463,2.713582880303539,0.0842246703641106,1
obsr1008918,2.6057795052834747,0.07958836836655407,1
obsr1009128,2.7735728258076415,0.07475131544414372,1
obsr1010087,2.8240320767313514,0.04046087284032305,1
obsr1010223,2.9539065055939333,0.03577445903598066,1
obsr1010335,2.197217684866901,0.12771891466248034,1
obsr1010372,2.7056526043384714,0.05184617331237191,1
obsr1010497,2.9262327925193494,0.09430186305748887,1
obsr1010530,3.0078709720970878,0.0772315818656882,1
obsr1011073,2.742077495163512,0.10904399094222819,1
obsr1011271,2.366277987891963,0.10790126603668333,1
obsr1011762,2.4778430843814765,0.23455456793838772,1
obsr1011902,2.79634754868877,0.20096472223000092,1
obsr1012173,2.803024114120424,0.05086923323157361,1
obsr1012550,2.789993012794615,0.021306152385073784,1
obsr1012570,2.0143630896873903,0.18946356333651862,1
obsr1012571,1.9941903285492075,0.14317812338381006,1
obsr1012580,2.0715740499525195,0.09014988508952029,1
obsr1013036,2.5868169836392494,0.0754403843854982,1
obsr1013890,2.142408482111185,0.19902129372524013,1
obsr1013975,2.5756978836842195,0.05721646937156332,1
obsr1014134,2.3152364670066374,0.03292238386992545,1
obsr1015699,2.9912709086775515,0.1201962898456868,1
obsr1017425,2.55832793274083,0.0874292178034381,1
obsr1017617,2.9638321587641943,0.07275485419177283,1
obsr1018071,2.864630944018685,0.04317226901560084,1
obsr1019543,1.6021232738673647,0.02719331090003965,1
obsr1020426,2.9753428699726197,0.06832545075625229,1
obsr1021010,2.3378853859597712,0.24486899569403245,1
obsr1022947,1.332893606269098,0.1698639808554654,1
obsr1025470,2.3100267787356605,0.08653584533987319,1
obsr1026040,3.1851035814942987,0.06100730513452736,1
obsr1026251,2.1811840793235637,0.1103929270678724,1
obsr1026653,2.535580864321335,0.07237185280202954,1
obsr1027974,2.1730232581295517,0.046761838914730035,1
obsr102806,3.0558379617810147,0.056571331600850025,1
obsr1028315,2.422679741690432,0.056075649727889663,1
obsr1029119,2.928362502763319,0.06699115809931235,1
obsr1031445,3.000406470133572,0.036130041641821244,1
obsr1031891,2.564866351645265,0.04328076372877238,1
obsr1033526,2.7783560384212937,0.08242990961501925,1
obsr1034116,3.197797037710229,0.06990675840115596,1
obsr1034736,2.652561480754398,0.02785157809834175,1
obsr1035677,2.4762902707767034,0.05778411337139692,1
obsr1036104,2.7475169289079706,0.03301753701315162,1
obsr1036330,2.552083778872013,0.02966704132398446,1
obsr1038069,3.052684350544037,0.057485633692079825,1
obsr1040382,2.299149207510775,0.13335984118387295,1
obsr1040623,1.8750573440220941,0.10101176776449461,1
obsr1040747,2.975014867064614,0.05333229044893342,1
obsr1040842,2.796573696601653,0.06599784217592716,1
obsr1042621,1.5769820869454807,0.2351922621982469,1
obsr1042833,2.7811148392634433,0.029365996199685575,1
obsr1043186,3.3538334245763695,0.1982841152025202,1
obsr1043198,3.0530403129096704,0.05399928434202054,1
obsr1043706,2.7621213462243657,0.07189756580857967,1
obsr1043822,2.445258330780201,0.08907538449619162,1
obsr1044225,2.793286653613659,0.02395153933897592,1
obsr1044896,2.5051443183302844,0.05360393407717919,1
obsr1046811,2.1238355503577195,0.0825392602801393,1
obsr1047466,3.050538994352232,0.03616673468375437,1
obsr1047541,2.8398762214671907,0.032984272651740684,1
obsr1048460,1.5341437845765329,0.17261900682723277,1
obsr1049834,2.2061024426038145,0.1016201066645376,1
obsr1050209,2.8377378811970653,0.0717561478009279,1
obsr1050411,2.5039778631224383,0.08741645460588722,1
obsr1051409,2.739130580767827,0.09047460744936742,1
obsr1051934,3.2351409020670077,0.03021507975555096,1
obsr1052096,3.482807640316261,0.16681202714961288,1
obsr1052653,1.734875113484206,0.2236394771822761,1
obsr1053098,3.3278545086797444,0.08778725007436873,1
obsr1053168,2.8642934317835236,0.0463176692859189,1
obsr1054189,3.0953098874499743,0.0701122856242223,1
obsr1054650,2.5649474367639513,0.05946476887809255,1
obsr1055531,3.0535730152314335,0.02305553500190407,1
obsr1058417,2.699957658072875,0.0832054971949707,1
obsr1058716,2.896681662139377,0.07493514530319613,1
obsr105916,2.5320850533137182,0.07427026240132074,1
obsr1060094,2.841631999935817,0.03910187248032248,1
obsr1060177,2.032489776118396,0.09660846688895808,1
obsr1062172,2.803218836860059,0.07275189185772357,1
obsr1062488,1.8620262993370302,0.15352849322088005,1
obsr1062692,1.677970538573112,0.1668706983833578,1
obsr1063195,2.6096897432023165,0.065558053074946,1
obsr1063641,2.7609488545390772,0.08441486549203975,1
obsr1064444,2.9902684854738406,0.04301951686085192,1
obsr1065681,2.6509801553567143,0.04659409690344754,1
obsr1066091,2.410458468380196,0.12964518747960815,1
obsr1066732,2.54863426796691,0.0330988422516873,1
obsr1067076,2.725456700879499,0.10790175497426678,1
obsr1067385,3.0561340392566883,0.020635113646427696,1
obsr1067424,3.102795765511806,0.03487619045356978,1
obsr1067429,3.1424867774058787,0.0640282408929406,1
obsr1067435,3.328726196080248,0.05084092735123379,1
obsr1067437,3.065243571505715,0.05529025588630045,1
obsr1067438,3.2840157411322144,0.038419758828465926,1
obsr1068072,2.635591778589548,0.12683211863044133,1
obsr1068385,2.8003614379418003,0.02618099139441696,1
obsr1068592,3.6492823544270134,0.04992278716836348,1
obsr1068596,3.140479999643376,0.049569057846899134,1
obsr1068651,3.76211268019146,0.11594657021349723,1
obsr1068798,2.9291619647487934,0.027507617135863086,1
obsr1068894,3.186170252960278,0.04354428505656177,1
obsr1068900,3.5568499089245,0.09833729907057413,1
obsr1069524,2.916202811989746,0.03556010450259078,1
obsr1069896,2.8313282045746067,0.05714919877421216,1
obsr1069936,2.965993321289279,0.027278111577643004,1
obsr1070371,2.771639593688152,0.06442199998940433,1
obsr1070970,1.8560384224633408,0.1801492900570189,1
obsr1071217,2.09404108075194,0.09456377083708292,1
obsr1071323,2.6567384546612773,0.11893769968993492,1
obsr1071525,2.7843816346453227,0.07620994556950264,1
obsr1071943,2.9969648503312514,0.0561119460267313,1
obsr1072135,2.9837527780015405,0.034023655279057825,1
obsr1072195,2.8310544555379358,0.09699913825787448,1
obsr1074494,2.8268528157705086,0.07307470539158258,1
obsr1074825,1.7700757026625742,0.11505803218079014,1
obsr1075211,2.2204260544525942,0.05937884778240592,1
obsr1075237,2.3636475305016895,0.08735349708504915,1
obsr107543,2.8828998816088025,0.0380275246432518,1
obsr1075976,2.7854838127947668,0.05961896208249209,1
obsr1076086,2.7425255003391587,0.03422141439085911,1
obsr107631,3.2155692201049964,0.019408565617341778,1
obsr1076913,3.16641385173633,0.06124374080393155,1
obsr1077102,2.948768498964084,0.08057612479066828,1
obsr1077559,3.1770017903833065,0.060440022377713315,1
obsr1077673,2.290514047194925,0.04485320214464701,1
obsr1077913,2.83818908493389,0.04103255881408666,1
obsr1077989,2.1910471100514215,0.09457748744365688,1
obsr1078504,2.3950357175863126,0.0952180443050442,1
obsr1079158,2.687143778723005,0.08044219052162568,1
obsr107939,3.0534675647956053,0.06774134474126625,1
obsr1079530,2.807286661403182,0.048328575991994756,1
obsr1080611,2.7762852115089043,0.0816311634570821,1
obsr1080843,2.525714714785973,0.08587788138593311,1
obsr1080894,2.5702460111517764,0.06592218864456358,1
obsr1081030,2.8605611097145554,0.06479903135844527,1
obsr1081066,2.629029745851157,0.06834067435505974,1
obsr1081237,3.1499423879103556,0.06113439040064335,1
obsr1081294,2.7694167763978865,0.07294104498010479,1
obsr1081976,2.5737533198512317,0.09979667045184581,1
obsr1083076,2.1080411462036612,0.049700740807609355,1
obsr1083309,2.337381985118838,0.07949132844079633,1
obsr1084365,2.9571637695049717,0.0396438687363118,1
obsr1084495,2.1405800128148678,0.09980115041233892,1
obsr1085557,3.0912327685813867,0.05752613889218803,1
obsr1086357,3.035223341409852,0.05981532832621288,1
obsr1086607,2.523858708471308,0.04270177444873185,1
obsr1086977,2.7264484149186607,0.06028701136980999,1
obsr1087222,3.3341613593533537,0.06287223470818656,1
obsr1089176,3.0802216213460953,0.025935457253004203,1
obsr1089753,2.544523122512298,0.03310140442348452,1
obsr1090481,2.3902670877152485,0.0566177144243646,1
obsr1092773,3.0714040259684863,0.035288245462204805,1
obsr1092844,2.576036970068073,0.09809919580080506,1
obsr1092971,2.573426790670444,0.074656579435419,1
obsr1093662,3.087357805691735,0.02200095362665338,1
obsr1093810,2.226259789062842,0.04155259809181854,1
obsr1093926,3.252107973334902,0.053697756078482824,1
obsr1094207,2.5029600118786712,0.02501433388875787,1
obsr1094249,2.765563581389834,0.025332231245977502,1
obsr1096611,2.9173532448473223,0.0539676337127224,1
obsr1097177,1.7696533080249213,0.08833076693387146,1
obsr1097206,2.832267460028673,0.05672143256948472,1
obsr1098542,2.6984341146644426,0.04594995894195465,1
obsr1099574,2.6387277476786086,0.026608037634482048,1
obsr11009,2.867624256215899,0.06224631664542532,1
obsr1101054,2.8935527764155533,0.09837564906846133,1
obsr1101124,2.9356539500300354,0.05101314204088272,1
obsr1104032,2.04751954344939,0.06846905988263392,1
obsr1104234,2.337346682461746,0.14560099247457947,1
obsr1104680,3.056137079271431,0.033776687112553404,1
obsr1104971,2.911242065456676,0.06805156805444512,1
obsr1105517,3.1069539538577815,0.06800472429251356,1
obsr1105719,3.0942351279583513,0.0654526393424549,1
obsr1107682,2.5352654575568176,0.027283461216790268,1
obsr1108943,2.678525757164424,0.21571074976592097,1
obsr110959,2.872199556070832,0.09852686791112368,1
obsr1110283,2.2572277256100888,0.04563726025614361,1
obsr1110812,2.7147287607347437,0.06611726388878413,1
obsr1110845,2.08355056932469,0.042532427275833194,1
obsr1110929,2.3998332330918086,0.23736833976866642,1
obsr1113595,2.5903730955247815,0.035414308776085236,1
obsr1114739,2.870396299177452,0.030550191354634892,1
obsr1115401,2.2037788491977053,0.09342652675376822,1
obsr1116685,2.084878701798219,0.25820096772045575,1
obsr1118235,2.03995541902702,0.2118370159592849,1
obsr1118376,2.102297113516131,0.06623855774143918,1
obsr1118649,2.1616702259334115,0.07198956013961902,1
obsr1118994,3.0569982216382887,0.07875236490668143,1
obsr1119195,2.0475437848731333,0.132536009546049,1
obsr1119983,2.2488290531604243,0.1284255767668473,1
obsr1119989,2.7858729081522995,0.07068196436036228,1
obsr1120239,3.082487156822093,0.062354219057337706,1
obsr112157,2.093344705799476,0.05976368410264394,1
obsr1122869,1.6350638470290135,0.2559725978983763,1
obsr1123021,2.989644957298306,0.07572446155249457,1
obsr1123723,2.515600667716491,0.08081751543041667,1
obsr1123745,2.689442381774652,0.03667373742826376,1
obsr1124139,2.7878970004232424,0.2020446455265383,1
obsr1124783,2.3468360601723224,0.0937855507414347,1
obsr1124816,3.0675983756381697,0.0645503106304847,1
obsr1126215,2.011310262856652,0.10827875006644185,1
obsr1129644,2.805249082549691,0.0686458379804584,1
obsr1130788,2.5481282371456904,0.06672242966592837,1
obsr1132809,2.7018960642402368,0.09981157226531924,1
obsr1135399,2.527712257892425,0.11038513557307515,1
obsr113664,2.4442608923917555,0.07858280438641502,1
obsr1138852,2.8327092361321826,0.182385199826832,1
obsr1140207,1.9436249082653707,0.09551904532018397,1
obsr1143391,3.409185780258488,0.06128338020652903,1
obsr1145373,2.7820638969713585,0.03377560304940399,1
obsr1145900,2.5707647476115802,0.16575352638186722,1
obsr1147555,2.936963454914223,0.049996367594736656,1
obsr1149421,2.1621337080584673,0.13363805093062592,1
obsr1149659,2.428904318069481,0.04539671118910526,1
obsr1150228,2.857498814330568,0.03092878532204063,1
obsr1151665,2.539709246986878,0.09989468268796678,1
obsr1151694,2.761358010232881,0.06956196222535145,1
obsr1153162,2.921934274565982,0.033319175737318435,1
obsr1155961,2.8996900852688503,0.039912281875758744,1
obsr1156147,2.8303001082545354,0.06692266465327766,1
obsr1161340,3.328145063704821,0.03153068624169997,1
obsr1162365,2.9869052379068575,0.13097665147346446,1
obsr1163501,2.01829874945195,0.09451821089232691,1
obsr1163656,3.155542030475149,0.03927317192403662,1
obsr1167369,2.64636360061504,0.12974705053112262,1
obsr1168875,2.9085976095620194,0.04612470548764153,1
obsr1169854,2.9367091218950776,0.03136400964241076,1
obsr1171497,2.2327436577474713,0.14393378716708768,1
obsr1171744,2.924865537713391,0.047898316414283326,1
obsr1172571,2.467541055968709,0.04138730016863884,1
obsr1173778,2.93986479400333,0.03602171786025559,1
obsr1174064,3.3315780221686295,0.04785747795800352,1
obsr1174735,2.9766429568645614,0.08669153652997662,1
obsr1174943,2.8264519490609934,0.028390901727304522,1
obsr1175360,2.6828647891256745,0.02474806134206636,1
obsr1175813,2.6703236020634247,0.0830022543743416,1
obsr1176076,2.9846361545645506,0.027621120937925583,1
obsr1176212,2.5094738350443606,0.08480322854727566,1
obsr1177494,2.293506070646583,0.1957255302569393,1
obsr1177679,2.7198297232596986,0.05450212956730194,1
obsr1179163,2.3603919808964084,0.10909073182246938,1
obsr1180925,2.467182267721423,0.08217504598038423,1
obsr1182273,3.1101503180357386,0.023317500480088686,1
obsr1182483,3.5268568325402154,0.047682513586359526,1
obsr1182674,2.6885550380338317,0.08318341945858687,1
obsr1187472,2.8502600069053186,0.03832201906703601,1
obsr1188722,2.231488428535121,0.15252660593735273,1
obsr1189786,2.7587486465972644,0.06539974793909029,1
obsr1190024,2.0966070570250315,0.06894462593857305,1
obsr1190943,2.464985048444965,0.0492004166292511,1
obsr1192869,3.0887509055285953,0.03298563250924902,1
obsr1193736,2.477878823443946,0.039976325285802014,1
obsr1193807,2.5336217561479266,0.05228322974093577,1
obsr1194535,2.8808475888517844,0.07036837491680839,1
obsr119686,2.983108576140114,0.054552594174281883,1
obsr1198374,2.66494912496867,0.04982981091953642,1
obsr1202035,1.9667321076647648,0.12386969354799134,1
obsr1202154,2.6313994098750695,0.06404865252245182,1
obsr1203589,3.1553989209930364,0.0318474925796139,1
obsr1204761,2.8435573386856636,0.07801207812976738,1
obsr1206195,2.660659880511734,0.06753903934970944,1
obsr902262,2.9594397134095227,0.05958866292758287,1
obsr905222,2.603716249044629,0.03550492586961703,1
obsr908364,2.4859579620720096,0.1495824790174152,1
obsr911743,2.8891178193538933,0.059167920369923896,1
obsr913358,2.633984401807679,0.05225963025075889,1
obsr915020,1.7055145977990878,0.12449830159666715,1
obsr917946,3.0413272462295615,0.05952524505271635,1
obsr922302,3.0171098283063373,0.051229980420348806,1
obsr924196,3.2819342977263495,0.05929726611091404,1
obsr925304,2.6009576927934654,0.0575190425940664,1
obsr926528,2.268269292361281,0.13411345728216031,1
obsr928427,3.1710689466873254,0.0664140715327491,1
obsr929962,2.8793678786765695,0.0648285140070715,1
obsr933579,2.64036895938447,0.06737384783889025,1
obsr938950,1.8237986054566981,0.06474317340574018,1
obsr943641,3.2454182575809765,0.031990587223623336,1
obsr947674,2.9415547062726124,0.035018362387942835,1
obsr953863,2.302210537081164,0.1008641029517666,1
obsr960107,2.322988243590319,0.10580908380065206,1
obsr966409,2.9376918865831385,0.07459077347936234,1
obsr971563,2.4994481392947834,0.08213691428649995,1
obsr977852,2.9122666375541373,0.0620751566833876,1
obsr983149,2.7097573720645642,0.03148542091615468,1
obsr985961,2.7267376818396234,0.06781020242027008,1
obsr990254,2.5158167328212584,0.0727092377292594,1
obsr991924,2.1538703107379753,0.11307004618435651,1
obsr995509,2.8846345288105133,0.07947692483846189,1
obsr997708,2.6037070057177747,0.04917428936770415,1
obsr999594,2.1585108140689737,0.121082839733708,1
obsr1209414,2.903046459271169,0.03362994494662489,2
obsr1209962,2.926273899657358,0.07108985235987825,2
obsr121081,3.173866493190896,0.06670600813759273,2
obsr1213747,2.487743432684148,0.03919914573854178,2
obsr1214078,2.8206104554286955,0.08073967382947005,2
obsr1214454,2.77345392833078,0.06894218252978566,2
obsr1214483,2.66048389977861,0.07718443650348229,2
obsr1215281,2.6877209131383974,0.03938347911912183,2
obsr1215611,2.987216715775661,0.03820883880583865,2
obsr1216238,1.1679468839285043,0.2080920813236624,2
obsr1216992,2.3711822195451284,0.08904861087153577,2
obsr1217388,2.683007002610665,0.04531360259558193,2
obsr121747,3.1931110570119574,0.04755762189926196,2
obsr1217680,2.661098668310648,0.1616002950707076,2
obsr1218091,2.718970123811357,0.05846720828173433,2
obsr1218945,2.378285873134526,0.08457377675001096,2
obsr1219600,3.1577653878920673,0.08043385782718199,2
obsr1219608,2.390573664023118,0.10711105154380277,2
obsr1220026,2.790484217415624,0.04871167532650615,2
obsr1221218,1.4580176873962085,0.19347410298457215,2
obsr1221861,2.7131326469162422,0.23931348734389377,2
obsr1222242,3.3245447892063975,0.13808694331908694,2
obsr1222513,2.579664882720346,0.08071772596917536,2
obsr1222655,2.362991238082841,0.1897983557267258,2
obsr1224547,1.5611476396618555,0.19907055690295103,2
obsr1224562,2.792356419240354,0.040005458913118644,2
obsr1225027,2.3205314928560687,0.10582891969092656,2
obsr1225678,2.2217914922899293,0.22861122034621648,2
obsr1227345,2.93809152800855,0.07391830032786255,2
obsr1227429,2.532255841995933,0.07960272522647478,2
obsr1230765,2.6401393930144637,0.12906061657585108,2
obsr1231393,2.585931575300213,0.06539816837181428,2
obsr1231394,2.8060987429890867,0.08757917268907041,2
obsr1231396,2.816199380755066,0.08643380851035548,2
obsr1231397,2.784897051927832,0.08008367103418404,2
obsr1231398,2.707111898625898,0.07372193422663503,2
obsr1231402,2.645450810729744,0.08944242104081476,2
obsr1231404,2.64206693158352,0.08771603476249527,2
obsr1231406,2.6927072150004694,0.0474555812937991,2
obsr1231407,2.8219080971788,0.07744971151910965,2
obsr1231409,2.8576888721027287,0.08439172947369603,2
obsr1231615,2.7375459161139633,0.07290611921177131,2
obsr1231616,2.712340708222299,0.08851676467572883,2
obsr1231619,2.7529773399321353,0.08719050611520929,2
obsr1231623,2.4448873203011017,0.07596562293031918,2
obsr1231625,2.616144128590786,0.08337828805999384,2
obsr1231626,2.7372608642306098,0.09134651628005935,2
obsr1231628,2.718500159482224,0.08627221938811284,2
obsr1231629,2.851715679543042,0.09280021578501502,2
obsr1231630,2.7693363673613067,0.08958307383741823,2
obsr1231631,2.79890273867314,0.06842532290686905,2
obsr1231689,2.468816160420084,0.09256785266955121,2
obsr1231829,2.597282500288137,0.060833579301320315,2
obsr1232295,2.259467226332519,0.1616336072148314,2
obsr1232306,1.9451776043429247,0.1614024714214911,2
obsr1232477,2.5811538679388013,0.1489201558834001,2
obsr1232738,2.9115530270733263,0.08381910957206412,2
obsr1233255,2.0216608258178606,0.16272134795107615,2
obsr1233282,2.6900444324295556,0.062113116120296116,2
obsr1233407,2.5424897616323063,0.08623792190643212,2
obsr1233441,2.8145746799835685,0.05199103684943928,2
obsr1233455,2.6435241305127573,0.06660895028324787,2
obsr1233720,2.4485453954021867,0.08553378087417043,2
obsr1234040,2.5236248612366063,0.07508040081973454,2
obsr1234765,2.819814448785781,0.0809350439688827,2
obsr1235826,2.537892879616394,0.15339956343203562,2
obsr1235876,2.5142436015163745,0.060306891136542744,2
obsr1236061,2.837614970815986,0.04673944784596051,2
obsr1236246,2.571557411204089,0.08345310687972265,2
obsr1236573,1.9897534337831988,0.07480698852455832,2
obsr1236801,2.6246090774639645,0.07854384611733925,2
obsr1237023,2.1018943228360016,0.11884408507641978,2
obsr1237581,2.7292250294989104,0.03529844819298659,2
obsr1241636,2.177699508510922,0.04872547719868987,2
obsr1242488,2.4452236886891074,0.11635742399169324,2
obsr1242979,2.25933049025594,0.0865990728340787,2
obsr1244223,1.8042709492683557,0.11296776835930458,2
obsr1244772,1.8213816627815629,0.1510853607164704,2
obsr1245087,2.003779449824605,0.11030160022300366,2
obsr1245249,3.273415871130159,0.08208922881557505,2
obsr1246117,2.3554166568255037,0.06080322411332071,2
obsr1250135,2.6683119063100476,0.13105197372946462,2
obsr1251817,2.7817110450607645,0.20469137079886873,2
obsr1253781,2.182515097324671,0.08071573683469616,2
obsr1257950,2.4263062777813476,0.052003024567500014,2
obsr1259511,2.459269806484948,0.09966940518624777,2
obsr126110,2.7316499867446082,0.022051584055461478,2
obsr1261745,2.838437291492467,0.058712628419690056,2
obsr1263977,2.284929614262394,0.275303295021877,2
obsr1265465,2.293474715403204,0.14005648848528282,2
obsr126733,2.111082443526033,0.1263682807604043,2
obsr1268565,2.7951071740446944,0.08489485273879768,2
obsr1270053,2.387263372986489,0.11927108547488965,2
obsr1270849,3.106694055538632,0.19231056453565548,2
obsr127404,3.373301179353825,0.1595923573246113,2
obsr1281876,2.3109319071889747,0.10803825057707649,2
obsr1287196,1.3061114304097927,0.12539383341464153,2
obsr1287685,2.753024457382953,0.04342177809488791,2
obsr1289633,2.555777822283703,0.18724932488075396,2
obsr1290246,2.346174120319603,0.1673972854455601,2
obsr1290805,2.4543426962156274,0.10513671256611282,2
obsr1293695,2.660513506328961,0.07684859426619121,2
obsr1293961,2.31949421785706,0.09617465488117895,2
obsr1295672,2.7367523529203948,0.06315150490053026,2
obsr1295997,2.3800400354638303,0.15845900254378406,2
obsr1297498,2.7376573544279683,0.06730344995065068,2
obsr1298269,2.0391145974747786,0.10453702145143381,2
obsr1298658,2.4551506762162303,0.08913253208258828,2
obsr1299201,2.703786707937402,0.07712097145017323,2
obsr1301325,1.8413099956634418,0.17512767383610084,2
obsr1303124,2.745552577558902,0.08279282332746839,2
obsr1307048,3.0400676337057506,0.0686662800000921,2
obsr1307605,2.0631487372575354,0.08831752953794579,2
obsr1308879,2.230449044086178,0.06792205395451865,2
obsr1309209,2.1310540184798854,0.21754091150470606,2
obsr1309813,1.8750860785269283,0.2559328551527498,2
obsr1310223,2.6450815036083988,0.07945203919761826,2
obsr1312833,2.290907915505689,0.09327483566601252,2
obsr1313475,1.3217091112831367,0.20223489360658356,2
obsr1313743,2.503087519869231,0.07439567271090232,2
obsr1314477,2.2370051981911474,0.07388160703239406,2
obsr131563,2.8913402920253675,0.07432639977749068,2
obsr131605,3.0306084649699803,0.05693590134967619,2
obsr1318102,3.106932495005218,0.11342748885701247,2
obsr1318376,2.3469849261957725,0.06476363811572688,2
obsr1319329,2.717571211005148,0.08755613758538547,2
obsr1320083,3.036185159381955,0.05875830366549988,2
obsr1321153,2.097294503115583,0.09610401550068434,2
obsr1323157,1.7934971419557317,0.20777260248884932,2
obsr1324224,2.808632521670119,0.06825154697616724,2
obsr1324521,2.5345344432117707,0.07850651674447219,2
obsr1325027,2.953666058052564,0.07414890892398888,2
obsr1329413,1.7109542156516073,0.1478483379189076,2
obsr1330561,1.8250411648424927,0.10078160882683612,2
obsr1330768,2.511942282570407,0.06525474621438529,2
obsr1332386,3.1394433050870787,0.06244891728910787,2
obsr1338689,2.0782652404777697,0.05999558301619396,2
obsr1339470,2.378334210333137,0.14147790525931586,2
obsr1340692,2.2481579300554406,0.09812040551570331,2
obsr1341284,2.134272264714073,0.2410686642759926,2
obsr1342146,2.502598453444344,0.09042280744524074,2
obsr1344500,2.634427851663158,0.07161809670225414,2
obsr1348330,2.6698042273828633,0.08907957924474777,2
obsr1348613,2.381411670563857,0.07459614436968093,2
obsr1350707,1.4341929237417474,0.15821429036329063,2
obsr1351167,2.2631559752934187,0.05577090750549331,2
obsr1351337,2.594565416030613,0.06493113213685607,2
obsr1355409,2.1884534067922905,0.09978086481743313,2
obsr1356,2.669329485239898,0.04407330960464287,2
obsr1356907,1.7548389467446033,0.11174715434600463,2
obsr1357862,1.450075723678123,0.2545809509095575,2
obsr1357943,1.415975661532083,0.2805154572218801,2
obsr1358399,2.925148733157612,0.08801386692488362,2
obsr1359172,2.8240605983210223,0.049515598506144266,2
obsr1359900,2.631575334207204,0.0776237799891142,2
obsr1361096,2.3674322166562245,0.08736781891148884,2
obsr1361845,2.30046755110872,0.05684779258710134,2
obsr1361858,2.6072266954509025,0.05189900841627723,2
obsr1362752,2.801485888423062,0.1696760665252788,2
obsr1363087,2.3492303750453436,0.09515296750918203,2
obsr1363697,3.23397289384043,0.07911714917822368,2
obsr1365043,3.144097592110284,0.042198274524687336,2
obsr1365418,2.5826519910632153,0.04752736195504628,2
obsr1367093,2.365999419249948,0.1754307610879737,2
obsr1368688,3.1573395335270056,0.058545299903147226,2
obsr1368780,2.8454838511785434,0.06493526031586544,2
obsr1373405,2.4204637891972562,0.10067409733580855,2
obsr1374492,2.4411603613282926,0.08511059907431547,2
obsr1375546,1.8944583332666247,0.11127206005192261,2
obsr137735,2.563221697325824,0.08480297351595835,2
obsr1381230,1.8148084916651936,0.1806786080276874,2
obsr1387991,2.4401910382487193,0.0632927329303259,2
obsr1388179,2.964874507866599,0.054836014447333874,2
obsr138870,3.162569716038617,0.0651103481871535,2
obsr139353,2.5254415804484496,0.10168616238130268,2
obsr1394002,2.4003565727343985,0.060309255743164696,2
obsr1397660,3.1565022817789403,0.07375807569119518,2
obsr139848,3.0296943517310804,0.03290175741096988,2
obsr1401187,1.9941464458376383,0.13592537978354802,2
obsr1408471,1.830068464016151,0.1300319173607053,2
obsr1408564,2.812323340369091,0.08444752618091994,2
obsr1408735,2.985117986349919,0.06218842712168552,2
obsr141203,2.783503962326045,0.05724382118507328,2
obsr1413333,2.0879813268721668,0.12461213188451814,2
obsr141855,3.124769276718637,0.060020540598831475,2
obsr142538,2.9210580851336196,0.016914456624027786,2
obsr14277,2.9169072369512463,0.07233502469766911,2
obsr144124,2.964855213306474,0.06534577153917147,2
obsr145280,2.8461463710110246,0.08066079005725953,2
obsr146742,2.9890494621920087,0.08075105513436259,2
obsr1469311,2.9877709866405464,0.03420002621243637,2
obsr1503158,3.3655344329174794,0.08020346313969168,2
obsr150509,2.967817518822264,0.09370566640290921,2
obsr1518673,1.7668635663322556,0.07854093469670405,2
obsr152298,2.585201708997058,0.0746562538742074,2
obsr152472,2.7144384349925854,0.06247875964858394,2
obsr1537304,2.3801555120015947,0.20863099388593664,2
obsr1537309,2.380155512001594,0.20863099388593667,2
obsr1540805,2.3801555120015943,0.20863099388593664,2
obsr155604,2.3923052171550765,0.068432726031187,2
obsr159960,3.2046571962380868,0.1173051982177949,2
obsr163144,2.685406189156435,0.08082841263618633,2
obsr16428,2.6448809189169022,0.07271063317601416,2
obsr164929,2.9470508532497273,0.057963132134522755,2
obsr165037,2.651691216604906,0.11132909452980448,2
obsr165598,3.4491269369635433,0.056407623112394334,2
obsr168841,2.72499196739013,0.024434321064135133,2
obsr168927,2.3814318219021415,0.060112448221879104,2
obsr169056,2.7167329756159027,0.07060649360274056,2
obsr169390,2.5290247370329166,0.02771158600332586,2
obsr169762,2.657111817894493,0.07703269765470357,2
obsr169994,3.020579351592168,0.05026709085442441,2
obsr171092,2.3270285566966225,0.1351021584872658,2
obsr171366,1.2291404071257837,0.2490500504728629,2
obsr175712,2.3256218335825367,0.09855751813468668,2
obsr176135,2.9788373029211135,0.05602024960380953,2
obsr1763082,2.7885465411047967,0.026782986333915557,2
obsr183643,2.9345092953371297,0.059190646174900025,2
obsr18366,2.596581247963578,0.09314058960450958,2
obsr183978,2.499030137294009,0.06696389069961801,2
obsr184933,2.6685927617695677,0.11087506079077716,2
obsr187382,3.4783993345671473,0.18610261309478618,2
obsr188296,2.78185785207667,0.07234013710643694,2
obsr188426,3.4106966124717566,0.09353309197079238,2
obsr188862,3.161810832723076,0.03491732819494946,2
obsr189973,2.895665453144926,0.07017077226872079,2
obsr194183,2.4919571901910054,0.059950701275727,2
obsr1946624,3.229136465479505,0.055707846210472124,2
obsr1948821,2.102085440930427,0.09915655390989982,2
obsr194930,2.697834315886014,0.04341129680397533,2
obsr195870,3.7454887086736983,0.06959405036661925,2
obsr197741,2.646282697982694,0.10638815201807006,2
obsr199374,2.6768666890335546,0.10078736665008775,2
obsr200094,2.7401980459120456,0.05825839574805296,2
obsr200450,3.0303705095338342,0.05692853990288645,2
obsr201374,3.0804042901143176,0.0854607290377902,2
obsr201784,2.8515755875271673,0.06324405447725992,2
obsr20212,2.9808009670646376,0.07572591542752843,2
obsr202960,2.937050510315139,0.03516869702108017,2
obsr205401,3.3315507883994733,0.0830421240156432,2
obsr208598,2.5225479291241912,0.10347213441789921,2
obsr20869,2.29662085149332,0.20065764469324598,2
obsr209767,2.795050156095659,0.0436287245922137,2
obsr209825,2.44983948282575,0.07170096933695831,2
obsr2104952,3.2235378228985945,0.042311229632310134,2
obsr21054,2.802480524284273,0.07024254772854213,2
obsr2106491,2.857812300725058,0.06343211397732118,2
obsr210810,1.6685108465694864,0.10503090479206313,2
obsr212296,3.2880711863399226,0.038680274917150495,2
obsr212495,3.303123887263419,0.102561980338233,2
obsr213825,2.5795743694077062,0.07497297922051432,2
obsr215723,2.4463096999197007,0.06423058610662152,2
obsr21578,3.2691399621427792,0.06938450055248903,2
obsr217943,3.0280701946738273,0.03429879375163995,2
obsr218083,3.128230423525538,0.06044374927110599,2
obsr219369,2.784803189897022,0.045842029950694876,2
obsr221235,2.8571979053005303,0.0634272263394806,2
obsr221311,2.9177531045022995,0.08213190024126057,2
obsr22132,2.565131688916723,0.0761868540718506,2
obsr222640,3.122876886089629,0.0286144646313428,2
obsr223161,2.814132934060696,0.022881686511642463,2
obsr223910,3.2724981471582257,0.04918800056317728,2
obsr224102,3.0621550989770694,0.02587172020435532,2
obsr224905,2.37199294746467,0.038189620787244125,2
obsr230649,3.09871974060104,0.05101321849727561,2
obsr23105,2.898502141117149,0.0672126318654611,2
obsr231657,2.6959736479037266,0.018612397508503242,2
obsr233694,3.008720297464635,0.10596965371352449,2
obsr235139,2.728537439025784,0.05238248174512635,2
obsr2362616,3.1447136528699975,0.051313727309346344,2
obsr236430,3.345033693826403,0.050749861439899215,2
obsr237103,2.168458612482519,0.22538304192485298,2
obsr237560,2.689390525874552,0.061181106520736786,2
obsr237679,2.7857716707914615,0.07207006061686913,2
obsr237894,2.8649476305432136,0.2120945117129965,2
obsr238261,2.872057797778646,0.03269227338538386,2
obsr240916,2.625002256452876,0.04210459542886263,2
obsr241865,2.8866273875270654,0.04581949501423812,2
obsr243639,2.6764912409199697,0.23925793405808812,2
obsr245202,3.0306852929806265,0.05691850776130688,2
obsr245294,2.9625473690707835,0.0857676430749078,2
obsr247299,2.6481551675358,0.044493993698593276,2
obsr24875,2.796184136534251,0.06861981159428791,2
obsr249874,3.228521414828832,0.08194212068183888,2
obsr250552,2.9283608962457284,0.04457046809788927,2
obsr251275,2.678461740804046,0.032264789957421144,2
obsr251730,3.3833547775486603,0.21098917801576508,2
obsr252328,3.548128970698779,0.05326994576567415,2
obsr256570,3.3088846580455313,0.0656007041804211,2
obsr259255,3.0763659412100433,0.0526800334817368,2
obsr261946,3.077201130101438,0.04982297361040969,2
obsr2635694,3.096121336924689,0.03463490671952585,2
obsr264969,3.131648907434565,0.06771301380300676,2
obsr268749,3.002252547021535,0.07526477411304529,2
obsr268861,3.324406437934512,0.05529397391794593,2
obsr270872,3.219202758552173,0.08338926720636324,2
obsr272865,2.6260847444764175,0.07037682763963636,2
obsr273696,3.08644245270772,0.06682042132765131,2
obsr274052,3.0115857254462615,0.07253612791276089,2
obsr274680,3.040964223217512,0.07561730049027642,2
obsr903363,1.5131864854961021,0.2583529924424748,2
obsr905235,2.4514575823941676,0.03823435800603713,2
obsr909184,3.0452849996870266,0.055392358648125924,2
obsr911858,2.4735206762800113,0.044394770466811256,2
obsr913631,2.6020070520082728,0.055953015355915334,2
obsr915463,3.052090316347749,0.02437149160706065,2
obsr918086,2.941131550219524,0.05626563592596281,2
obsr922628,2.5988798301410596,0.05079860770503499,2
obsr924505,1.6648070186494033,0.1541139042327046,2
obsr925629,2.4274257904271024,0.08650578853467558,2
obsr926656,2.8907295155064072,0.03279808164565184,2
obsr928429,2.1045781145518143,0.04420680061990259,2
obsr930049,2.85815432015496,0.06818529252077556,2
obsr934671,2.7502468628049987,0.10063769616366479,2
obsr940877,2.5071229291937107,0.09738875941061823,2
obsr943883,3.014828555043863,0.07275194000294288,2
obsr947895,2.719899988698236,0.058962482539271485,2
obsr954640,2.8239986245714146,0.029381995073137983,2
obsr960927,2.9251700857671024,0.051551296120212295,2
obsr966965,2.3094078019691757,0.053719298434429796,2
obsr973662,3.229179054242499,0.056261488230866234,2
obsr980263,2.5528310009353294,0.039119464833973196,2
obsr983932,2.3628829561652442,0.026782515057514694,2
obsr987151,2.6581305044435997,0.07425179810377625,2
obsr990487,3.000090840988426,0.08066791274833963,2
obsr992695,2.8276186406117465,0.06475299819848282,2
obsr996036,2.954511516388259,0.0768992964046378,2
obsr998139,3.5304530566170826,0.03372504472247313,2
obsr279131,2.9568079499347917,0.03895548206175452,3
obsr27942,2.512136228746033,0.033275399314181754,3
obsr279424,3.1333791395346258,0.06438657902134692,3
obsr283299,2.601143753279176,0.068227332527461,3
obsr283385,3.1110527030774677,0.05070527735328289,3
obsr284496,2.4208259475616325,0.08670548474672854,3
obsr289478,2.8133353303816,0.07262372235302925,3
obsr290096,2.259498580915197,0.1804986901880154,3
obsr290702,2.708957873776843,0.2012162589762171,3
obsr290753,2.605029207628998,0.02009370356120478,3
obsr291095,2.8417140662046534,0.07044378073362818,3
obsr291145,3.2933207488509715,0.030092238858615374,3
obsr291525,3.111709084650458,0.055846741221137024,3
obsr2937176,2.9511969861506016,0.02388080626916221,3
obsr296385,2.8589829512691978,0.08017757020074516,3
obsr29674,3.691713587269232,0.13286432695094366,3
obsr300513,3.0510045492832174,0.03671464643151463,3
obsr302040,2.8354285136174515,0.05753107748575393,3
obsr303748,2.5655811566762785,0.07435032995154728,3
obsr306978,2.3955505876716967,0.09807597562050309,3
obsr307368,2.837107320276202,0.07575512782261713,3
obsr308115,3.3489281764578926,0.05086659488907805,3
obsr309778,2.6763706547647543,0.08463258045772339,3
obsr310009,2.8190507149972146,0.06822085198247678,3
obsr310313,3.08487824333466,0.06242617421125661,3
obsr311984,3.0480664634876447,0.023234712235962646,3
obsr313186,3.153177432017414,0.06567098357822004,3
obsr314236,3.0344306171267363,0.04794836138309432,3
obsr314543,2.951249251585679,0.02893610493064286,3
obsr314784,2.472894635839158,0.050604776931109076,3
obsr319068,3.126630641601027,0.06201368856670802,3
obsr319487,2.6442404115062486,0.06073766465008878,3
obsr321168,3.232994754219853,0.08272117565313308,3
obsr322279,3.0702951998318744,0.02780785660101628,3
obsr324147,2.6073108155270615,0.06324416745125515,3
obsr324486,2.9303221022823775,0.06989007597804017,3
obsr326242,2.590032000899911,0.0697351753229267,3
obsr328032,2.0883482396915705,0.08681938351482782,3
obsr328458,2.0748122475850033,0.15276438303482273,3
obsr328941,2.53412808710414,0.07624348344854665,3
obsr330439,2.3905184713539254,0.02274715566161351,3
obsr333090,2.5206303071084557,0.04942642101596459,3
obsr3356059,3.4063479861064194,0.06327128812993639,3
obsr338085,3.0757056824760256,0.055103670292559075,3
obsr339725,2.8939068008352633,0.027371220532612824,3
obsr340131,3.3254959728915137,0.022638767880008657,3
obsr340423,2.7859173469621066,0.18028708458831597,3
obsr340854,2.8848576302580398,0.07522837235331925,3
obsr342747,2.5399124877019186,0.08248695350779024,3
obsr343086,3.5663517973433643,0.03846802769693149,3
obsr343305,2.2073585379492107,0.09386063145477286,3
obsr345976,2.742529113028335,0.04192309296378065,3
obsr346822,2.642755571310206,0.03444889293614446,3
obsr347256,3.018898131189103,0.057161809368834984,3
obsr347513,2.8632337571843394,0.06697432207070465,3
obsr347831,2.7353537557881915,0.08055703341566262,3
obsr348815,3.0153256805167223,0.03846725255807352,3
obsr35006,3.4949938977778636,0.05444524131536749,3
obsr350307,2.7531499685016367,0.1134845305262224,3
obsr351741,2.803966714395438,0.05413991340379083,3
obsr353567,3.0293373746576218,0.06613984642724907,3
obsr354242,3.151264374702704,0.03780125322474577,3
obsr355678,2.6585295035080083,0.20165687125960916,3
obsr355985,3.284502105999334,0.06058684361431073,3
obsr356331,2.956894460951645,0.0708701673789292,3
obsr356493,2.4625484708082412,0.05599102099504308,3
obsr35756,2.968626299751813,0.07262157629406299,3
obsr357719,2.399592951506805,0.03684147211395036,3
obsr358867,3.2565064981417513,0.06081809935468658,3
obsr361533,2.978133556046414,0.08070297446316713,3
obsr362617,3.0072443394055175,0.04385209475672298,3
obsr36519,2.960176273041823,0.06871103683055821,3
obsr365870,2.6677903226982447,0.03871790303544119,3
obsr366037,3.0075417814102803,0.042503894075358636,3
obsr368592,2.5463180016842903,0.0762171297021363,3
obsr369288,3.0069423205095944,0.10005741143476753,3
obsr372030,2.201239822771726,0.129922461513015,3
obsr372327,2.8769351677337043,0.05217041820811699,3
obsr372340,2.6867947098007616,0.038927238248982574,3
obsr373226,2.3568808310271083,0.21233433438228683,3
obsr373693,2.953680817314368,0.051072518520383074,3
obsr374079,2.8755363370732763,0.08531560207537035,3
obsr374233,2.614360118526856,0.02765351962759281,3
obsr375518,2.8532025522121667,0.05097964853881813,3
obsr375958,2.732814161529531,0.07063062853825434,3
obsr377213,2.3953291383556654,0.07685719205980313,3
obsr377612,2.657950496050878,0.0786923648441014,3
obsr380706,2.6686867853091774,0.05158794524562024,3
obsr380890,2.785234574279611,0.022424766063824045,3
obsr381231,2.733215531750265,0.029732339599820266,3
obsr3837817,3.1975190338774215,0.045841420803939936,3
obsr384063,2.839558428355068,0.06725866414339023,3
obsr385339,2.7585200850090725,0.05788002161304784,3
obsr391580,2.887519437760595,0.06922711646303346,3
obsr394337,2.6442562275950054,0.05435123639896939,3
obsr395074,2.8704730596564434,0.03482126084079197,3
obsr395727,2.970474973306609,0.07400755174600028,3
obsr396909,3.0316273791224893,0.021983048434026577,3
obsr397409,2.640263134031396,0.06903540496568637,3
obsr398553,2.925327237278411,0.03178479840633405,3
obsr399288,2.8629320163078376,0.05817931515429594,3
obsr39944,2.7063024389901034,0.20149649541613474,3
obsr399759,2.6341620302474404,0.05510570121059692,3
obsr401097,2.78490586264978,0.028849925970530967,3
obsr401461,2.717045262738926,0.05223641529967838,3
obsr402961,3.190472684828508,0.07224774992932617,3
obsr403336,3.0656361900295015,0.041318530780243924,3
obsr404510,2.7333673181602975,0.044733019921693214,3
obsr404926,2.866381192860465,0.05669855878449804,3
obsr40545,3.3906705536169923,0.04950591668935604,3
obsr405622,2.743312179902079,0.061159398412899635,3
obsr407181,2.9291601821076614,0.037448440152328254,3
obsr407731,3.0392506833072295,0.07010239496160543,3
obsr409776,3.089693347337985,0.042209580312984954,3
obsr410941,2.5217270500060556,0.07771762648028087,3
obsr411347,3.0274209484005805,0.06115030069614684,3
obsr412208,2.4631604553894086,0.09641874120033939,3
obsr412267,3.1461330225429114,0.09669946961348777,3
obsr413288,3.1132702889223163,0.02817672939025037,3
obsr414189,2.7986532624485014,0.027293466359338,3
obsr414653,2.52591032198636,0.04733035610737785,3
obsr415344,2.5887718637995705,0.06612863413014937,3
obsr415481,3.040935549075271,0.07558303674346538,3
obsr415639,2.788952361585108,0.06490322174880746,3
obsr416245,1.927956682377765,0.12015862955289344,3
obsr418397,2.8264405801589034,0.07253138760262555,3
obsr41840,3.036255045237874,0.12100270605296136,3
obsr419645,2.2984528316893953,0.1927093796399384,3
obsr420405,3.1332573336440404,0.13068120757668214,3
obsr421318,2.7626399747455284,0.0730547274933636,3
obsr421343,1.7376918579710974,0.24298705628602618,3
obsr421385,3.0447150726052854,0.06568088308793033,3
obsr422188,2.7417983611187666,0.02788321225154124,3
obsr424854,3.1768241243013553,0.05735319104176738,3
obsr425424,2.7978997986329888,0.057048036802725376,3
obsr427604,2.708974943165863,0.03755006737208454,3
obsr429352,3.1536721908674217,0.08610924616337105,3
obsr429736,2.534074884302487,0.09194432382628687,3
obsr429853,2.88372699142199,0.045324054719816514,3
obsr430442,2.3759520340603535,0.0657075739820804,3
obsr433324,2.2949385568795186,0.09356544085595243,3
obsr43361,2.8147881734244398,0.09803226178219904,3
obsr433623,1.8198952936986623,0.12592040574427277,3
obsr436215,3.122489596840343,0.022215460332410022,3
obsr437756,2.5242595654453104,0.1182200585509604,3
obsr438480,2.6748456436383252,0.08249219852230924,3
obsr439941,2.884776419084729,0.07524152645770461,3
obsr440616,2.810513889645871,0.06044605014501232,3
obsr440666,2.908086704141347,0.08643366898647689,3
obsr441401,2.2923838427301706,0.11502108434309427,3
obsr441704,2.6853391258198136,0.07825016236366888,3
obsr443561,2.6402756261394664,0.07079156834242462,3
obsr445649,2.87928007074154,0.04538118847401567,3
obsr446424,3.0433303952145976,0.0372021778623888,3
obsr446831,2.9329548971155384,0.04426114268502543,3
obsr452667,2.7838888351146394,0.057575006987997696,3
obsr454260,2.7138250056154116,0.023285603414568264,3
obsr455295,3.0370077235804644,0.045706801110138265,3
obsr455602,2.6530853404891923,0.08902319644674267,3
obsr456067,2.889766747554223,0.025956129617441055,3
obsr456189,3.035971336123911,0.052624744907860704,3
obsr456604,2.210411728915777,0.02158020691458083,3
obsr457435,2.7946392835129625,0.023786792270141605,3
obsr458041,2.820333308526602,0.043153402335564854,3
obsr459304,2.731001096971214,0.07323940770233793,3
obsr459910,2.593751165553922,0.03836959148683453,3
obsr461485,2.885875871866771,0.15015479310739135,3
obsr468833,2.621329797085484,0.20189517912382104,3
obsr469989,2.657625604380849,0.07018681925304003,3
obsr470567,2.9665579458538267,0.07615974297994367,3
obsr470910,2.764552861703861,0.0785202816180325,3
obsr470927,2.4619501531653527,0.2048055204565773,3
obsr473707,3.112711626308786,0.06060561491268064,3
obsr475343,2.8919596800924543,0.07583953846622274,3
obsr478242,2.8343711556195172,0.14991532205548005,3
obsr478956,3.057701984851223,0.060272592275125624,3
obsr479440,2.4616393988670393,0.1712087571797456,3
obsr480673,2.994160524960342,0.044663047717785176,3
obsr486435,2.586911964515305,0.06832315199228854,3
obsr489062,2.8151056754392814,0.029603989469470397,3
obsr490325,3.211009639125929,0.03799202883078535,3
obsr490735,2.8330467713644985,0.07511301791953302,3
obsr491853,2.730536926428108,0.03730222276501477,3
obsr495599,1.5892522381012113,0.1390830495969045,3
obsr495622,2.5421964226552887,0.05765935668734223,3
obsr497101,2.1656360165305757,0.10284538757283673,3
obsr498756,3.042826644783215,0.03980051802881677,3
obsr500855,2.438397634025659,0.11802146205540291,3
obsr501380,3.24506812578827,0.07749587528061026,3
obsr502715,2.4230488529327383,0.04947945497600071,3
obsr503107,2.9186849664594128,0.06867381888441433,3
obsr503318,2.905302604983732,0.06424158749104887,3
obsr505780,1.858402229219847,0.23923054807891495,3
obsr505808,2.7374498821057625,0.07076158207697873,3
obsr506026,3.178131315554075,0.043805767343337985,3
obsr506990,2.6567929350817554,0.06507007231289902,3
obsr510968,2.645427102134964,0.08549105491593202,3
obsr51101,2.3574430509587896,0.09922181616383538,3
obsr511697,2.8888431987425522,0.02631111263127115,3
obsr512493,3.036548503355941,0.034180146255180476,3
obsr513367,2.6848161930352643,0.08663241773379884,3
obsr513533,2.4857735517391775,0.0348636043075059,3
obsr51455,2.896630548015981,0.07746324945076953,3
obsr515845,3.205511151047571,0.046723906311433486,3
obsr51605,3.1829534611689474,0.017002511516251644,3
obsr516240,2.996621480474448,0.061150258730693775,3
obsr516659,2.6615017232701823,0.03422299357644383,3
obsr51938,2.813521831604986,0.06662817403141075,3
obsr519729,2.625964769451706,0.04340652146822969,3
obsr519773,2.493506600541858,0.03811783237897441,3
obsr520102,2.5304258223222704,0.02947397056743801,3
obsr520341,3.122331703469769,0.07576749507121103,3
obsr520807,2.6677342885268143,0.13997800917755426,3
obsr522278,2.4025627295315126,0.07486397222801491,3
obsr524441,2.4984738800100375,0.10077818966144095,3
obsr525100,2.84895857018616,0.06002140140708921,3
obsr525150,3.0677575745960812,0.05919838043842105,3
obsr525154,2.89028762209643,0.06402514816685351,3
obsr525189,3.3379141817578306,0.04072946108188304,3
obsr526445,3.1384306306488727,0.0142919490473981,3
obsr527812,2.9527043495071523,0.05342832376746708,3
obsr527960,2.1430885482093505,0.08351822484492874,3
obsr528663,2.52628538203493,0.09186856931784948,3
obsr529068,2.101985240936983,0.07743463506877658,3
obsr531716,3.1730932339566422,0.05461385183528833,3
obsr532389,2.6934218894578787,0.09076453896155541,3
obsr533162,2.6953740043751404,0.03772444412429803,3
obsr533524,2.6874698501898213,0.0424788618705648,3
obsr533580,2.9020488096718595,0.08081047357578969,3
obsr533600,2.5637349068038864,0.058471403082814455,3
obsr534429,2.8516036954594424,0.06317148143995617,3
obsr535280,2.994304862965512,0.05220545187491805,3
obsr536111,2.3888610209648733,0.0676044752338948,3
obsr537203,2.528846532872697,0.03653685421573326,3
obsr537220,2.556832722737392,0.027102341049264882,3
obsr537741,2.779316952850751,0.06310158521648672,3
obsr538398,3.119144221879033,0.04818325803546157,3
obsr538529,2.2346658629768554,0.051486589118957773,3
obsr540146,3.0107169684909487,0.04394419482488515,3
obsr542496,2.7773229270637474,0.02751297455833776,3
obsr543051,2.851356169259597,0.05220753385647939,3
obsr543162,3.232810114038179,0.02510877608549187,3
obsr543779,2.774684716366645,0.03766285334625005,3
obsr543834,3.0104664040147133,0.059427479279294496,3
obsr545083,2.9852028398723878,0.05225077832495516,3
obsr545345,2.8936333818824744,0.08864035205230754,3
obsr546025,2.9218519129730596,0.027136928079477866,3
obsr546481,3.1600126304405673,0.06403851959158526,3
obsr548735,2.738969186694453,0.06715739365962901,3
obsr550331,2.068762574110344,0.05668933658918133,3
obsr550886,2.272162468570048,0.06358845161115279,3
obsr551515,2.934278192735682,0.0618629135814972,3
obsr551813,2.8216797897862986,0.05127880979047423,3
obsr551844,2.943809985332165,0.08074974534293018,3
obsr5524,3.0600373799624507,0.0479058645220617,3
obsr552511,2.651132412609759,0.12787896082414255,3
obsr553542,3.0910813759306106,0.04506905823216665,3
obsr553730,3.1511093501621295,0.05311196684155649,3
obsr554969,2.70717133751223,0.043663703420462614,3
obsr555285,1.6545561442110486,0.2196820831501342,3
obsr557110,2.997592264582307,0.0420072851725541,3
obsr558115,2.8466691940952518,0.07185140514942386,3
obsr558364,2.676652759146511,0.030381320246322285,3
obsr558497,3.095790916708686,0.055014268277310034,3
obsr559247,2.96923269421478,0.1273610260892572,3
obsr559983,2.4593852953539392,0.048268847096982974,3
obsr560752,3.111785840974328,0.06038914643822989,3
obsr561157,2.5079723605484867,0.05871840972915138,3
obsr561832,2.996885555299714,0.054361288343405714,3
obsr562402,2.227878167978788,0.0875173160166397,3
obsr562677,2.609375967106052,0.06777647458680201,3
obsr564251,3.086073423733885,0.05671295978911696,3
obsr565375,2.5034157843549116,0.05585548443142217,3
obsr566177,2.7283846264304428,0.05551861652790878,3
obsr566350,2.7709716719123936,0.058865580125253184,3
obsr570000,2.6251569132717627,0.07803848053488724,3
obsr571104,2.4184966344993843,0.17999861471299153,3
obsr572222,2.0112769424388857,0.0845476731870105,3
obsr572853,3.2826004173096184,0.06069999126928864,3
obsr57317,3.564089566224296,0.058976680298999815,3
obsr575616,2.976192836411126,0.03460204063955204,3
obsr577040,2.666388978953135,0.05417853438106736,3
obsr577571,2.3751842565587653,0.07332017064208936,3
obsr580570,3.3971896726557427,0.07192888620404149,3
obsr582988,2.2729925496426326,0.06334514342596946,3
obsr583725,2.63370264728466,0.08272577685050139,3
obsr584384,2.55116463598754,0.06435521592779193,3
obsr585422,2.8768946062404934,0.07644463641512401,3
obsr586603,2.8385923394463353,0.07581603410879119,3
obsr591052,1.9715715746789118,0.06037393546503305,3
obsr59283,3.0882885332148184,0.017087881239391988,3
obsr593200,2.697274802038743,0.05502878781362772,3
obsr596130,2.6401597545219992,0.03556715293540655,3
obsr604685,2.75473898663673,0.07226160316867293,3
obsr606306,2.245391077888429,0.0657826765976376,3
obsr606529,2.8321259216094945,0.029947951608054732,3
obsr606657,2.8553295898564444,0.06437893053646143,3
obsr607800,2.451783582231653,0.09002955677720939,3
obsr608031,2.665108400071351,0.04954882417974955,3
obsr609099,2.6433218533862437,0.03765773685410975,3
obsr903479,2.8111451242381706,0.023564078377506546,3
obsr905943,2.554955526009635,0.0914105518787844,3
obsr910193,2.6812957173471474,0.03114315028508099,3
obsr911861,2.259754052869292,0.04954563142986894,3
obsr913721,2.592587794945268,0.1039811017466181,3
obsr915494,2.642686394307575,0.11358758805986931,3
obsr919059,3.219154361997957,0.05519609608965966,3
obsr923219,2.6415293591027775,0.03365736126821792,3
obsr924571,2.8877468899779006,0.06012318387066324,3
obsr926098,2.4241762217046454,0.06582002415099546,3
obsr926661,2.8367672225325906,0.06875581737515638,3
obsr92881,2.6741370786519254,0.05900625481516008,3
obsr930505,2.7230618912003566,0.06382111044700213,3
obsr934941,2.4745075361880198,0.06057650865730355,3
obsr941752,3.0471998317723568,0.05514841989343719,3
obsr944695,2.4186604506022786,0.07165089759745523,3
obsr948123,2.736627031521202,0.07455651682435634,3
obsr956280,2.2366676204423626,0.07623958144043841,3
obsr961969,3.038271125983872,0.019141495932429756,3
obsr967693,2.119044308584592,0.03233559370914801,3
obsr974492,2.2385989613248833,0.11758514071337772,3
obsr980423,2.393891239054167,0.07605876612552899,3
obsr983974,2.70358946844116,0.07788070986291618,3
obsr987589,2.180459238951778,0.1627766483680592,3
obsr990709,3.042683574854876,0.06999340412385702,3
obsr992833,2.8647476103877056,0.040088232280273875,3
obsr996254,3.2836043284754606,0.06200982826062109,3
obsr998282,3.093432105347588,0.02752095606025449,3
obsr610104,3.158331669384946,0.03856567975256594,4
obsr610902,2.9169298176663174,0.05500054490579147,4
obsr611141,3.125518266381534,0.08607942706618588,4
obsr612174,2.8789364144206915,0.026013905754808473,4
obsr612193,2.95108916359057,0.03514209856511705,4
obsr616036,2.7342505861112545,0.0837507187213371,4
obsr616372,2.9782136553622918,0.022525562971268384,4
obsr617197,2.7357151882710697,0.06458545706723588,4
obsr617781,2.657196534239566,0.031081897482958514,4
obsr618726,2.2057000184853726,0.07539546431559194,4
obsr619616,2.702232141682437,0.04244537043548461,4
obsr620779,2.8191011552803635,0.04904756325989631,4
obsr622330,2.600506976899398,0.04509788000227275,4
obsr622973,2.6511090996201614,0.053118902814420235,4
obsr623049,2.8413222135422505,0.05990336638378222,4
obsr623751,2.6117253346269846,0.11985266950292355,4
obsr623899,3.033294737492351,0.030429216035231025,4
obsr624013,2.537011029136549,0.032773139155420156,4
obsr624084,2.542189408032312,0.08448537971349301,4
obsr624758,2.437198075240489,0.025420002278066553,4
obsr624923,2.584300906985046,0.07517675356131116,4
obsr626421,2.790429776429989,0.02639166800111233,4
obsr627243,2.7752999958665905,0.09299069083111589,4
obsr627378,2.6728980650582312,0.10426369993965477,4
obsr627731,2.7797391875892075,0.04602960437981067,4
obsr628042,3.055394941947939,0.06292297675490642,4
obsr628043,1.9648354385831979,0.03469434322903453,4
obsr628144,2.8754633761178905,0.05501243738051117,4
obsr628208,3.125128030685328,0.04744878723118053,4
obsr629316,2.1691427156702057,0.11657519028057695,4
obsr629400,2.517187415769044,0.03983307438544785,4
obsr630157,2.597501581416319,0.0196958926954937,4
obsr630220,2.730798992685754,0.06990543753139962,4
obsr630229,2.9687787512307064,0.038175076727889244,4
obsr630272,2.686150982728103,0.0439557847860615,4
obsr631377,3.106942339503423,0.0667182452301756,4
obsr631937,2.814148625499082,0.044544560552654947,4
obsr632140,2.2462653445302716,0.03911121301178989,4
obsr632802,2.5986026705843708,0.09707268311424083,4
obsr633752,2.4426970077583183,0.03486883389115592,4
obsr634448,2.8317122731563766,0.034046199280932575,4
obsr636252,2.3028537035703116,0.1197337557528553,4
obsr636727,2.8746903622985744,0.07721928452689587,4
obsr636890,2.8081582380216425,0.06884455696070833,4
obsr639913,2.64227370763595,0.047385375874838834,4
obsr640362,1.7874530222954474,0.10410943281123056,4
obsr640663,1.9036759074621652,0.04048543828008565,4
obsr640924,3.2219206780878547,0.029574744754269727,4
obsr641874,3.07280382624568,0.03937065384655565,4
obsr641887,3.2493144871371538,0.05252554232047728,4
obsr643515,3.398966046656135,0.017365355093913876,4
obsr643684,3.1320956699754237,0.02911543375394566,4
obsr644090,2.6888677775977197,0.04394472357973431,4
obsr645074,2.7854306262703545,0.06934457517052617,4
obsr645982,2.8615711120092566,0.06700898298288711,4
obsr646010,3.206023158966428,0.03197255828022899,4
obsr647861,3.1343447613999245,0.020500364858219374,4
obsr649423,2.329069046406898,0.08310508048335527,4
obsr654280,2.6489315375302165,0.10347661872262627,4
obsr655358,2.4701818656858148,0.024505510698845233,4
obsr655980,2.963893319380582,0.06517726620595139,4
obsr657475,1.45286007814076,0.14084725240509915,4
obsr658197,2.772009149645068,0.03353342427203933,4
obsr659484,2.71819830724896,0.09347360220585813,4
obsr660785,1.90778726658902,0.09352504973446117,4
obsr661439,3.1610261510481013,0.020065339056018244,4
obsr661946,2.6167388909630622,0.040987229106324914,4
obsr662013,2.823850995273054,0.0197133231258194,4
obsr662292,3.0137137733585675,0.0408785241303111,4
obsr662440,1.340658283973157,0.2097258914082871,4
obsr662647,2.6609130434792356,0.0594006965816121,4
obsr663333,2.966798534603883,0.06776302783025666,4
obsr663533,2.094914009610585,0.05296908384888219,4
obsr663732,2.644133610823704,0.028785661712410943,4
obsr663810,3.1628191444406353,0.05615999358536313,4
obsr664144,3.046112392006037,0.0217831652109186,4
obsr664400,2.485868880316804,0.04435463690955822,4
obsr664494,3.203236116420247,0.07037329817683048,4
obsr664549,2.9713058796723333,0.05723246259205989,4
obsr665195,3.078674133837853,0.09529487609246164,4
obsr665529,2.6426013487905298,0.05616233699706899,4
obsr665612,2.721206070393102,0.024064209668692355,4
obsr665892,2.889781680413551,0.04821699434786572,4
obsr666587,3.146561259965587,0.021554564457414497,4
obsr666713,2.7579431689877256,0.14779878111069947,4
obsr666771,3.0163063216963795,0.19470404740616593,4
obsr667239,2.763819564575704,0.04335884064542871,4
obsr667268,2.5576665187671304,0.12194688037278208,4
obsr667452,2.681891242197345,0.06084172676916303,4
obsr668874,1.9307916607913627,0.12866473831291111,4
obsr669162,2.4747690736361174,0.0897273853383482,4
obsr669842,2.307494347246824,0.20364021609879998,4
obsr670064,2.1186847684267764,0.06022583560775493,4
obsr670488,2.6973357100062967,0.04847595902477466,4
obsr671975,2.7015266344312003,0.042379608915995334,4
obsr672368,2.8594387552437763,0.03052093663561684,4
obsr672556,2.514547728004524,0.06562969656622387,4
obsr673674,2.7907943772211894,0.055710066492377884,4
obsr673752,2.922897832165657,0.04010768434681004,4
obsr674449,2.860109516585207,0.028841471730566445,4
obsr674552,3.1445163324545855,0.051429392537824324,4
obsr674553,2.7095064936062445,0.04215709629371143,4
obsr674906,2.9925715078220927,0.02202263672777421,4
obsr675198,2.644405192334543,0.08721804949531053,4
obsr675408,2.8901605755050808,0.044382031247522734,4
obsr675422,2.82099759626268,0.05807545304047819,4
obsr675538,2.973058846537298,0.024740420862921504,4
obsr675702,2.5960974046987104,0.02120447999585142,4
obsr675771,2.222484458415387,0.0740892624166493,4
obsr676137,3.464269773322134,0.05607578289903148,4
obsr676236,2.4466515300997633,0.07899786537356046,4
obsr676576,2.9475694520894655,0.04681581093220792,4
obsr676814,3.004784214644683,0.021756308387486357,4
obsr676859,2.550342602641189,0.06422305764782343,4
obsr677735,2.5245617152269477,0.046553546915383354,4
obsr677775,2.5116988298026333,0.0628646145791352,4
obsr678695,2.7668590451495905,0.03948729799118872,4
obsr678778,3.217677287508024,0.03739982005620209,4
obsr678800,2.8192811129535116,0.028802899638789944,4
obsr679397,2.967023701653043,0.06266987718435425,4
obsr679804,2.189371087393166,0.06722593417366485,4
obsr680448,2.733478478426409,0.02626843144862656,4
obsr681401,2.4172837322185514,0.14059143727667658,4
obsr681684,2.505961621864403,0.015063827745805372,4
obsr681734,2.754591129203455,0.061614526502685105,4
obsr681873,2.7224533150445347,0.02435014744006607,4
obsr682095,3.2248250886363037,0.017216475951175373,4
obsr682148,2.7061237031313174,0.06248564734497625,4
obsr682267,2.710598958179148,0.040539700179812045,4
obsr682548,2.303602255900318,0.09223371321272558,4
obsr682696,2.7815127661231327,0.07524625316027364,4
obsr682828,2.773568057885039,0.07985029049728813,4
obsr682869,2.671033737667073,0.0468362191608395,4
obsr683120,2.721087389169295,0.0789324619988634,4
obsr683304,2.7092812244178592,0.06589686293793699,4
obsr683356,3.0993248756990033,0.03365984487557125,4
obsr683508,3.1445210991032457,0.06030667914250763,4
obsr683727,3.135144557949653,0.12319611893929557,4
obsr684150,2.3985851794045905,0.06805900264036101,4
obsr684167,2.7077642474275905,0.07123170981398066,4
obsr684227,2.7245133549933955,0.06278656861239933,4
obsr684491,2.6315891281699737,0.02879392913037082,4
obsr684505,2.7369883725121835,0.08078702750991357,4
obsr684593,2.98539821810888,0.017677572482372603,4
obsr684652,2.061722985694666,0.08844807293132569,4
obsr684866,2.299459356971332,0.053172285962673795,4
obsr685016,2.8127048015665905,0.025605592948869767,4
obsr685921,2.369699058632212,0.11559125094964565,4
obsr686233,2.497022647032154,0.09837466969702816,4
obsr686399,2.2646898231758286,0.12876271709766893,4
obsr687287,3.1273187389214154,0.06387807714493343,4
obsr687475,2.6379583533198456,0.055209891626833395,4
obsr687639,2.3769437511124503,0.06477840812557079,4
obsr688395,2.5213460654769158,0.09000278221741742,4
obsr689666,1.8566995284312946,0.07137625119041809,4
obsr689871,2.885614014253214,0.09038365496454316,4
obsr690235,2.8676062796123047,0.06894441356391548,4
obsr690245,1.7553766288631707,0.034915440565346866,4
obsr690418,2.432604202567827,0.1456363673451532,4
obsr690427,2.7339645429964485,0.11771915868202962,4
obsr690553,3.2505423954699078,0.05482978976827264,4
obsr691774,2.546724625596553,0.06545373019701432,4
obsr692960,2.7823938192371416,0.06967322489806255,4
obsr693250,2.642743029038769,0.1027729139282079,4
obsr693969,2.8396734540017863,0.03102108255106198,4
obsr695133,2.078216280531852,0.035576470981257935,4
obsr695562,2.3228838641060086,0.09918186854886858,4
obsr695956,3.005109352125364,0.015178465965379815,4
obsr697897,2.4330831349756012,0.12791732205887055,4
obsr699681,2.9717320462205117,0.2075299040178011,4
obsr702370,2.1817216139796654,0.09377520973774503,4
obsr702842,2.7151300580107334,0.06756594844554337,4
obsr703289,2.6475402282593428,0.07692574687699737,4
obsr703292,2.6955846814609683,0.06718180441618475,4
obsr704309,2.2100152917827134,0.12338194624987239,4
obsr705380,1.8323211509135835,0.18885416308505146,4
obsr705778,2.5963504407801405,0.11852261977704298,4
obsr706011,2.7204221884031834,0.0764190460621373,4
obsr706600,2.3835470701710135,0.09745791607918163,4
obsr706770,2.5927722864108547,0.03886214159745759,4
obsr707581,2.3808475433658054,0.09867051747266892,4
obsr707835,3.373611436875994,0.10729838654944039,4
obsr709574,2.843435846866949,0.03580763653395569,4
obsr710549,2.2734750556268124,0.07102881564736667,4
obsr710848,2.297510808179771,0.10701013602545925,4
obsr711102,2.7269649115257693,0.0680894852375704,4
obsr711235,2.447072667342523,0.06032016461643403,4
obsr711343,3.0731202729676004,0.019973346601042243,4
obsr711452,3.3446860290775677,0.04935857515324159,4
obsr711537,2.533220916081444,0.05816392718054739,4
obsr711626,2.6261884738854837,0.04671620709929671,4
obsr713660,2.7577007365690993,0.025086088647989453,4
obsr713702,2.1801797722234024,0.226164405961119,4
obsr715997,2.273888771789651,0.11235489678685565,4
obsr716677,2.1613741391040717,0.0752072010624666,4
obsr716917,2.1229682915406953,0.13317060459246105,4
obsr718448,2.3151516847651323,0.09363238818277199,4
obsr720502,2.8644765020269527,0.031546690385599124,4
obsr720727,2.3693495456988853,0.08677826710728458,4
obsr721117,2.6349518324254992,0.04089383558671296,4
obsr721168,2.423225055008318,0.035994779148925966,4
obsr721558,3.1340050093155565,0.12318890599378474,4
obsr721962,3.1103063309776777,0.04351587505230919,4
obsr722174,2.335517413377202,0.0849121087170739,4
obsr722724,1.9420342450691734,0.18445621635954745,4
obsr723089,2.555615789468167,0.05225474907332313,4
obsr723216,2.3880239991713803,0.0775930454864625,4
obsr724611,2.897860282667422,0.02653219174928342,4
obsr724838,2.518089381707887,0.07527620208393437,4
obsr725030,2.9310768287692657,0.05701736267376444,4
obsr725226,2.6041054328626174,0.049108393842201246,4
obsr725274,2.895279355729784,0.06436236334748374,4
obsr725477,2.3404064973527867,0.08528571715668579,4
obsr725538,2.3999706662143163,0.09928568812718519,4
obsr725955,3.4549296587590055,0.037408756385928964,4
obsr725993,2.808294817911596,0.06491589734021726,4
obsr726321,3.16936139390247,0.022457519273604475,4
obsr726624,3.2940135592692283,0.0719797068502872,4
obsr726713,2.512874677095554,0.08099745698541357,4
obsr726764,2.170969713510744,0.09934856370505157,4
obsr726797,3.1318770504392774,0.029947476532563466,4
obsr727470,2.3675453448341948,0.06607523499481419,4
obsr727530,2.8103956531001075,0.022233971705867595,4
obsr727612,2.8086373232968986,0.0534721001674612,4
obsr727670,2.538209836484363,0.09442512807463577,4
obsr728141,3.236940924924075,0.06416318813431979,4
obsr728147,2.842147385106893,0.08213576326616677,4
obsr729337,2.782222209536114,0.040116569661122856,4
obsr729347,2.231796507805294,0.08845174859573053,4
obsr729987,2.2544875238875774,0.1882468760672398,4
obsr730100,2.663180833517697,0.09288357982256755,4
obsr730325,2.659540934070021,0.05277695941604806,4
obsr730351,3.1190620021638327,0.021895090359929523,4
obsr730420,3.0548719714706976,0.03623376917088989,4
obsr730452,2.926276317335835,0.07751366238647302,4
obsr730537,2.730995842189206,0.04081350892441554,4
obsr730568,1.935752128259731,0.14055657188291404,4
obsr730585,2.5592741651702715,0.03923792299977371,4
obsr730868,2.8859114128075833,0.0287587412087906,4
obsr731214,2.8215499891023446,0.024095015550375604,4
obsr731219,2.5830069717407054,0.06688266009208524,4
obsr731420,2.775730536759072,0.07381459197413522,4
obsr731623,3.0184041982379646,0.013799565282479302,4
obsr731836,2.5757290463569835,0.06008465035324589,4
obsr732062,2.741243989996412,0.021589051611344202,4
obsr732144,3.0508627823934305,0.050863229066105874,4
obsr732825,2.5323842175562596,0.09372111222557855,4
obsr732838,2.746126735314548,0.022545795721239947,4
obsr733380,2.4076006410483637,0.047059508751681,4
obsr734869,1.63794293748258,0.15931848624171627,4
obsr736029,2.9289995735647913,0.017640036140395186,4
obsr736416,2.129785046186618,0.14531207944818458,4
obsr736997,2.555794468088577,0.03795470787568908,4
obsr738027,1.821020523315048,0.10549926439058484,4
obsr738386,3.073228049402002,0.03848970559834452,4
obsr738799,3.0457184650090903,0.0336303555890586,4
obsr739126,3.0775228988657313,0.07005718390838696,4
obsr739805,3.0208374339423503,0.06601577493711078,4
obsr739887,2.9923675038701494,0.061438667767827165,4
obsr740003,2.2257954838105376,0.030531984942319595,4
obsr740194,2.949657751112337,0.04412365918565383,4
obsr740246,2.9818843909192307,0.13081322246846044,4
obsr740293,1.9648688762451028,0.2215701364665191,4
obsr740385,2.7439531207636656,0.023805090608630588,4
obsr740525,2.8057369815913065,0.07153032935577949,4
obsr741389,2.870506176771401,0.06171797747036959,4
obsr741668,2.9496856621056637,0.06721039449021315,4
obsr741708,2.8640104693848767,0.0697751544604337,4
obsr741763,2.810296225844926,0.021205833459094273,4
obsr742480,2.898600815805677,0.0785126786936294,4
obsr742975,2.6413901088060596,0.08612413884416531,4
obsr742993,2.4294537937529896,0.021757583399661693,4
obsr743181,2.246737777904071,0.14742323156538376,4
obsr743521,2.867180006206642,0.05993429780605076,4
obsr743667,2.7563364950972273,0.06396222662724346,4
obsr743806,2.756542098807298,0.05018956174770878,4
obsr744678,2.7694056145635075,0.03628652539026851,4
obsr745153,2.815775823562879,0.05538386279355038,4
obsr745758,2.553001177523785,0.07091872590616469,4
obsr745914,2.5235922495957226,0.087556603402722,4
obsr745978,2.17063433489501,0.04678049075191598,4
obsr746134,2.954757289683773,0.025430491927026587,4
obsr746939,2.899691726536831,0.03610233558708267,4
obsr747058,2.81049803434905,0.029144358972745588,4
obsr747178,2.7922430317176206,0.04887568530027266,4
obsr747617,2.7041149636658126,0.026522420480573173,4
obsr748588,2.552655099889586,0.08225110495367355,4
obsr748887,2.347361381737029,0.048167643495147953,4
obsr749181,2.2189179884245207,0.08231279409161261,4
obsr749568,2.6127432826277057,0.03964561746402202,4
obsr750631,2.8070126882261457,0.025925526129053696,4
obsr750785,2.995521702143918,0.02914295107980303,4
obsr750793,2.9392554106170388,0.04495864410783331,4
obsr751726,2.148248483533247,0.07544539769679066,4
obsr752100,2.236585347858204,0.09141485344789578,4
obsr752500,1.795061205840654,0.03918255523067431,4
obsr752942,2.9548105946553207,0.061495581970655966,4
obsr753069,2.5782727474068414,0.10083772173921246,4
obsr753383,2.9263322584803646,0.019081299465767337,4
obsr753987,2.7111970648083803,0.07749794003216891,4
obsr904489,2.544006508602201,0.02959713332081786,4
obsr906273,3.1263759743905832,0.050188526402134954,4
obsr910987,2.2224970742083183,0.056820813334069464,4
obsr911862,2.485580101543472,0.03951345761682904,4
obsr914022,2.562532249753467,0.06707506760923007,4
obsr916581,2.462462175309932,0.11058257151450285,4
obsr919123,2.4481255236165715,0.06707670127632123,4
obsr923398,2.552081929292641,0.05971377280477874,4
obsr924746,3.1106917362431146,0.017279523996058876,4
obsr926179,2.371905303249238,0.17312471655552353,4
obsr926841,2.9192507492696427,0.04259716679399834,4
obsr928840,2.9960654306023216,0.021503533929150533,4
obsr931509,2.3402753151269486,0.06130644355188564,4
obsr935083,3.02975575588912,0.02891463228028247,4
obsr942478,2.7745298412354193,0.03799792572327008,4
obsr946012,2.0873324842410117,0.075467176914444975,4
obsr949876,2.919569929943022,0.03676503439624867,4
obsr956707,3.0504272993088777,0.02850136309407584,4
obsr961972,3.0341851280283163,0.03022254699010126,4
obsr968997,2.726783661873698,0.04303598173442402,4
obsr975611,2.5267327015858734,0.07137020816035614,4
obsr980458,2.9656920742338424,0.03462538232321733,4
obsr984152,2.6006996985657977,0.026921958378039408,4
obsr988257,2.6264939875453512,0.05983511312920979,4
obsr990783,2.7783915367183734,0.0888013373268632,4
obsr993384,2.878447203189356,0.07252593402444765,4
obsr996637,3.3547277483629103,0.027708481575635026,4
obsr998916,2.721014404144669,0.034141878274155144,4
obsr753991,2.812284390875766,0.0795372444097851,5
obsr754090,2.851000710730448,0.09432684866084251,5
obsr754329,3.0344971507355814,0.041030401497552944,5
obsr754374,2.4174723785399967,0.06985132421290668,5
obsr755842,2.8620921502251337,0.07570022939215733,5
obsr755868,3.226508777527573,0.026850556936987364,5
obsr756132,2.2459648351920123,0.09518810751816748,5
obsr756307,2.852675746764033,0.037894257603770215,5
obsr756397,3.1483564618821047,0.06808105890247193,5
obsr757498,2.2422922898591167,0.1015644513285222,5
obsr758142,2.613678707145088,0.04752299814256543,5
obsr758234,2.3097129861501418,0.11290856393233614,5
obsr758786,2.93616006600427,0.029116891289152524,5
obsr758950,3.59349706258491,0.038043970911306055,5
obsr759599,2.7512828649498613,0.088521526962545,5
obsr760140,2.712461827878462,0.051842089013709146,5
obsr760198,2.328719844404223,0.029025652753963738,5
obsr760527,3.2882746896408603,0.05621581079026442,5
obsr760569,2.778958154229717,0.04020681446118092,5
obsr761190,2.7961432064756666,0.03552712986085154,5
obsr761536,2.825416824212945,0.09081803881794412,5
obsr761552,2.596076770579324,0.03820454023344554,5
obsr762250,2.839176215825629,0.027893343887396855,5
obsr762498,2.9912942697985576,0.08173213690628282,5
obsr762769,3.06420725071235,0.06824017477710032,5
obsr763186,2.2680229123080022,0.08665692084417312,5
obsr763425,2.565553905099161,0.09249256648078255,5
obsr763569,2.5982682204006027,0.07963654146500261,5
obsr763799,3.017939919364143,0.06080764372747379,5
obsr764514,2.26254869033561,0.08583625997570553,5
obsr764556,2.3574877763076842,0.08491379224830752,5
obsr765435,2.4263607226515402,0.0843227468976263,5
obsr765930,3.1282852889278945,0.04354681359432377,5
obsr766174,2.979646457348551,0.023803550227135293,5
obsr766278,3.0051891729070133,0.021830759804642896,5
obsr766339,2.9699756566912408,0.023860050715736054,5
obsr766491,2.9697144908019504,0.01858430003333701,5
obsr766829,2.0970397860642365,0.09634803099729757,5
obsr767116,2.7792696123330405,0.024566514498670606,5
obsr767272,2.9448785912887074,0.021656043160758576,5
obsr767580,2.2761800125058205,0.026172505500768703,5
obsr768342,3.036242010989726,0.036548325263490486,5
obsr768468,2.4024049181131946,0.06399388442896556,5
obsr768513,2.977998756508421,0.03233415963712895,5
obsr769198,3.0670476922341594,0.02411796993699999,5
obsr769934,3.0675337967778167,0.057634305622114905,5
obsr770125,2.455932777752075,0.022974385447028907,5
obsr770648,2.231741141917445,0.1342438763329377,5
obsr771281,2.6451224216816795,0.04039155865301593,5
obsr773988,2.5826295571737665,0.1898422903955599,5
obsr774289,2.6757893078157826,0.072357376917584,5
obsr774809,3.1229962945528893,0.01289090439523499,5
obsr774934,2.3153623293196364,0.1470959860380188,5
obsr776380,2.8491440022222916,0.01742809693265002,5
obsr776457,3.1393967598583266,0.02417515684070287,5
obsr777195,2.942007489977209,0.018035983666910182,5
obsr777270,2.8565920771373574,0.08585859696515966,5
obsr777416,2.400430777540019,0.04390493220230808,5
obsr778095,3.13623783715971,0.018413283848883244,5
obsr778717,3.241481816366207,0.017351947024694028,5
obsr779305,2.9779452434031484,0.04906992274894482,5
obsr780569,2.8945543488456145,0.017382806202160463,5
obsr780761,2.228656065787178,0.10333413013387334,5
obsr784463,2.3210610698752547,0.0601191476561414,5
obsr785779,2.662110656509347,0.05059963386417178,5
obsr786213,3.5453124550093205,0.056194845799720367,5
obsr786791,2.1070253055284214,0.06222070552306813,5
obsr787019,3.440463614099908,0.04326575086255784,5
obsr787399,2.696533353167695,0.0365749829587544,5
obsr787468,2.9677964854509837,0.03482839608014709,5
obsr788803,3.003598845960619,0.05422839803042383,5
obsr788879,2.3062938922968406,0.038849466865419985,5
obsr789414,3.0767445083480394,0.02128316262922413,5
obsr789500,3.027801807350715,0.03399371942330225,5
obsr789991,2.3191457885898026,0.07500225579927268,5
obsr790250,2.947951499095814,0.05217075747850317,5
obsr790322,2.1450080376626675,0.04545993279134989,5
obsr790499,2.7705792652395322,0.04271105356970982,5
obsr791530,2.7390031386522105,0.026861165854014518,5
obsr791623,2.5551042218577362,0.0924030667030377,5
obsr794894,3.0656128986547815,0.017189177333419046,5
obsr795731,2.7439839093540583,0.030526241833280204,5
obsr796168,1.8998696582328038,0.28119677319534575,5
obsr797889,2.657990816526113,0.04456489699037914,5
obsr798147,2.3101621370473993,0.044389305896088097,5
obsr798341,2.8510266467172376,0.0163863972800412,5
obsr799003,2.9564809366448004,0.07923801281378663,5
obsr799191,2.7716123402100243,0.038007134965592604,5
obsr800591,2.754799916756029,0.051405716257492864,5
obsr801070,2.749916771618347,0.056723429848000946,5
obsr801398,2.8428136810900377,0.018060264982881897,5
obsr801765,2.7463153925893833,0.04429278941623956,5
obsr801850,3.029391664284284,0.04691971117178233,5
obsr802162,2.9791371394458857,0.06626565153821316,5
obsr802405,2.6707859841459185,0.021334150519948934,5
obsr802512,2.3045122421342414,0.04034159594287119,5
obsr802641,3.510726388888198,0.10328937115951396,5
obsr802844,2.674017127931708,0.055481188952385775,5
obsr803073,2.6039954202332463,0.041661333534551315,5
obsr803233,2.9224444258868374,0.016836933728920325,5
obsr804546,2.8031252976900825,0.052107047921378435,5
obsr804632,2.420182000394213,0.09222280276745898,5
obsr804730,2.979816531515962,0.04216824370406731,5
obsr805508,2.1846452754238093,0.04206666855706894,5
obsr806560,3.687279397408731,0.13138530490282807,5
obsr807220,2.8827086894683407,0.02802486196594868,5
obsr807392,2.3717986417905053,0.023147866772138065,5
obsr807920,3.0295404824364187,0.04783343881173658,5
obsr809009,2.755160830923439,0.02405905716392084,5
obsr809282,3.050419896078184,0.025474539512925613,5
obsr810474,2.5668536948594953,0.05466635667790605,5
obsr811562,2.9550176458221746,0.07790906405253721,5
obsr811804,3.0569670763904244,0.05953178995157933,5
obsr812345,2.9071831471754113,0.046152108458060774,5
obsr812954,3.144396620017821,0.08852433230849875,5
obsr813236,2.046864536228378,0.07692826097257677,5
obsr813871,2.917702339366873,0.08917189620784016,5
obsr814907,3.0522115713459312,0.018765956716553317,5
obsr815098,2.9129926144883385,0.03521638627545519,5
obsr816909,2.2750798739720945,0.09279631823751801,5
obsr817018,2.560207040725875,0.13841312432377317,5
obsr818174,2.144018611083406,0.0770003719830193,5
obsr818279,2.165000627967011,0.04925287030537668,5
obsr818672,2.797028363706503,0.016782043337072745,5
obsr818762,2.544057468600079,0.0904269406405539,5
obsr819122,2.758563435633476,0.042902393746616384,5
obsr820069,3.438009502601398,0.027675015507878035,5
obsr820308,2.2187770586055042,0.16751735485856772,5
obsr821175,3.1567653718138464,0.07121584578830452,5
obsr821880,2.4812240507550043,0.150434291350959,5
obsr822115,2.8360217382644177,0.04877267944666316,5
obsr822255,2.67657529019339,0.07991949644448151,5
obsr823383,2.8588251457748437,0.07682977139945299,5
obsr823695,3.5115081408262676,0.03447811455897166,5
obsr823732,2.966189310771011,0.021565852218978214,5
obsr824617,3.2642391958930737,0.18322678364744655,5
obsr824799,2.5977089229584522,0.0786041223874952,5
obsr824965,3.0606713174486666,0.02161072154219743,5
obsr825043,3.064385437338238,0.02472758093585175,5
obsr825638,3.369599268839324,0.030492143479073273,5
obsr826182,3.689390368906446,0.11467621115149221,5
obsr827140,2.8331755786466606,0.036868451248046774,5
obsr827459,3.0503186413757795,0.023078551738892252,5
obsr828427,2.8821627713264504,0.05846313254272902,5
obsr829046,2.9678876503060456,0.08531568591146324,5
obsr829150,2.4275960233333436,0.021119584573236514,5
obsr829484,2.923166362001783,0.07525028383361508,5
obsr829681,3.119948112098044,0.05572807481569589,5
obsr8309,2.8310162235361265,0.06385895216663583,5
obsr831242,3.0339892607203454,0.06225785526855345,5
obsr831324,2.463557718666534,0.04723902062785721,5
obsr834272,3.0268406912493777,0.017842768189308814,5
obsr834948,2.069751809935417,0.09147135358483088,5
obsr835003,1.1018210451632362,0.11964995273339632,5
obsr835168,2.1112716484809244,0.08205323723368373,5
obsr835787,3.051133837317411,0.016471121220073274,5
obsr835842,2.250579722837367,0.16048555032039938,5
obsr836119,2.6769358813805986,0.05237013864065077,5
obsr836156,2.615339748247174,0.022562011470711636,5
obsr836163,2.816960963740389,0.021446616861810982,5
obsr836266,1.6164560274482036,0.09729123908343708,5
obsr836600,2.578806930913646,0.026611116490023214,5
obsr836783,2.351359358750454,0.06954322830802966,5
obsr836946,2.45768061109443,0.09700210135476373,5
obsr837240,3.1264275360580465,0.02133273122816092,5
obsr837550,2.9323450877616155,0.031677968972565695,5
obsr837869,2.786563756240295,0.046023741271271075,5
obsr838239,2.896549389020331,0.05508574292343511,5
obsr838765,2.4398816297543138,0.07125159798525074,5
obsr838923,2.839523334203049,0.057936035208571574,5
obsr839167,1.9399679741498432,0.21499039508047288,5
obsr839358,2.675066288404823,0.06396146398993817,5
obsr839414,2.095655972657339,0.10944897496791048,5
obsr839446,2.607981909578535,0.021164225406932802,5
obsr840511,2.918345808348274,0.07719837205706788,5
obsr840626,2.626261093302681,0.08229331943078194,5
obsr841515,2.796938544869285,0.03481933378847485,5
obsr841596,2.5966309500617744,0.03169847981850344,5
obsr842072,2.957161126335143,0.025817998377458257,5
obsr842963,3.018145871628351,0.04296107051167611,5
obsr843222,3.2077306068464777,0.05297144934476512,5
obsr844951,2.7731163736965168,0.0330455157897092,5
obsr845023,2.848435267431145,0.02038673519182804,5
obsr845763,2.957909872990845,0.06759954075716613,5
obsr845766,2.866606053778069,0.0659255656246051,5
obsr845767,2.921555701915899,0.04391129071629346,5
obsr845773,3.3641740517241256,0.0594599918553285,5
obsr846047,3.0439364343173034,0.06283107062574605,5
obsr846137,2.451031610959096,0.09721740436543162,5
obsr846196,2.748683960459325,0.0776739884463711,5
obsr846197,2.7614315975981,0.08269067459259946,5
obsr846198,2.7275788846593207,0.08491093015241867,5
obsr846554,3.0085659628767933,0.0315418137987711,5
obsr846685,3.0821701721438335,0.03634435217830951,5
obsr847005,2.7998761167691786,0.05792712579027581,5
obsr847135,2.9230169194864586,0.0789352085701773,5
obsr847794,2.7347452167663646,0.0506041124084023,5
obsr848245,2.5724101397476535,0.06109236363836339,5
obsr848566,2.5271507838710523,0.06078142407361132,5
obsr848568,3.1800308664337935,0.058042562260061895,5
obsr848572,2.7544845729024283,0.08418161559428793,5
obsr848574,2.319674712786961,0.08919993048034194,5
obsr848575,2.870969013315309,0.030846665939661743,5
obsr848578,2.4928652866717496,0.05688467173963101,5
obsr848580,2.540440019916305,0.09178054940289765,5
obsr848582,2.3276844651697357,0.06302668828616975,5
obsr848583,2.440967433635896,0.09416361096684495,5
obsr848584,2.2383208513444077,0.12914404936605017,5
obsr848585,3.1448447255151977,0.030680761413888803,5
obsr848586,2.7119475607227868,0.09555639785326782,5
obsr848588,2.4382337421895595,0.04928335197418183,5
obsr849263,2.801043505174342,0.08735282404872753,5
obsr849619,3.086995711660089,0.01779691066021737,5
obsr849892,2.3607032716365604,0.09700859736789214,5
obsr850172,2.4011533546358033,0.08352962254492748,5
obsr851911,2.572754403525108,0.05956926066110846,5
obsr851931,2.356091479483178,0.07275038528141667,5
obsr852047,2.68695050663086,0.059642872367117766,5
obsr852048,2.5184912320138797,0.07681437558475333,5
obsr853313,2.4418817142691593,0.029881968562317673,5
obsr853391,3.0913269470960216,0.020037676062054897,5
obsr855572,2.780973722256989,0.1275007619056168,5
obsr856352,2.731917628226654,0.09152611849038439,5
obsr856471,2.270913506394914,0.18432382076897888,5
obsr857004,2.420035563075858,0.07021618807256133,5
obsr858248,2.4592047364087555,0.09762651532261966,5
obsr8586,3.249694930082649,0.07107700052490401,5
obsr859441,2.816516704733511,0.023399070981275867,5
obsr859836,2.167581475222225,0.15332160772553585,5
obsr860809,1.6562820972949626,0.14835818219112124,5
obsr860882,2.853494049856075,0.10148016068436544,5
obsr860911,1.9897518745700027,0.11561463186382673,5
obsr861076,2.323598794694725,0.06178722742110357,5
obsr862320,2.6181420084130247,0.14909771395859261,5
obsr862503,2.1283648986319132,0.08675166023527171,5
obsr862507,2.718456727703247,0.14684500120795485,5
obsr862791,2.8604479400186973,0.07077659933693546,5
obsr864648,2.7085627782703074,0.13809337572112676,5
obsr864861,1.4595705919702617,0.12348508231855398,5
obsr865407,3.004803530997312,0.03459362803945252,5
obsr865670,2.7927791877292814,0.026394198786551443,5
obsr865723,1.774691396440796,0.1695031263008613,5
obsr866357,1.8761203794688692,0.09021560405806378,5
obsr867494,3.1464982189065536,0.03273479262179337,5
obsr867660,2.463681642472823,0.06415157511322082,5
obsr867932,3.1198579743831742,0.04891359231507352,5
obsr868250,2.410700534361799,0.04926544607747375,5
obsr868451,2.764112754498952,0.07365713509527323,5
obsr868727,2.4502139988199567,0.04445840205139626,5
obsr871156,1.7306920441169833,0.2385630261172485,5
obsr873050,2.6298072792617875,0.07654924003877747,5
obsr874184,2.856531271841435,0.05537430434346456,5
obsr876587,2.4995776601634563,0.050465096056105,5
obsr883994,2.7809224484327353,0.04035269629509421,5
obsr884512,2.6049270485040665,0.07714221271432725,5
obsr885172,2.2084283807784546,0.16993942730727343,5
obsr885456,2.3600047508418367,0.11581638491411778,5
obsr885810,3.0902737019687443,0.06606459729827936,5
obsr885843,2.6235793879828737,0.019424797877941085,5
obsr886451,2.9957419531029847,0.0562426394388584,5
obsr887211,1.950435573787029,0.20958194812464656,5
obsr887386,2.341492797940884,0.03874521735284186,5
obsr887409,3.157750905053842,0.07091963710326815,5
obsr887704,2.0975371728519256,0.11422961121793439,5
obsr887815,2.878232716543083,0.07481399683801583,5
obsr887846,2.884648523100069,0.030933904167544327,5
obsr888540,2.8329418774210096,0.029878994457347437,5
obsr889031,2.734192666389534,0.018248960539802028,5
obsr889415,2.874922988019189,0.07883132606239214,5
obsr890533,2.6775998964513263,0.053356187873420044,5
obsr890771,2.70971876693748,0.15936492767804383,5
obsr891363,2.9331596746828925,0.05480198709554772,5
obsr892450,2.339398094384663,0.082464669931506,5
obsr89326,3.007279609434355,0.018291247624168838,5
obsr893272,2.786158552942316,0.06826726927810396,5
obsr893277,2.4219380519432394,0.06620189278845738,5
obsr893360,2.2061848535884296,0.15184149515117196,5
obsr893990,2.1240444047169738,0.12187065045942631,5
obsr894225,2.594937031867139,0.03315791089151635,5
obsr894228,3.280916131467737,0.04905358090338107,5
obsr894242,2.533720970154932,0.03305682200293624,5
obsr894441,2.8663850078321853,0.030647611762989187,5
obsr894558,2.7700821913380747,0.06962379129093647,5
obsr894963,2.301947114929724,0.06653597270234501,5
obsr894966,2.3087248423411713,0.09291750448267391,5
obsr895184,2.9975953160342153,0.0580671727612849,5
obsr895480,2.462856115347156,0.07309999969678317,5
obsr895798,2.146255037046485,0.06460343319033769,5
obsr895940,3.14869785000245,0.030539780266912397,5
obsr896364,2.5596692969425456,0.0855882489785757,5
obsr896532,2.968143219679312,0.035535722557621455,5
obsr896935,1.9572194321738843,0.12306660209498436,5
obsr897112,2.5729626979637006,0.031077936288699086,5
obsr897460,2.8484633336120617,0.08057598781180007,5
obsr897593,2.56349065254205,0.06300177939882119,5
obsr897866,3.1946692730588,0.04648104872044752,5
obsr898404,2.901853365715373,0.08025614092411358,5
obsr898958,2.7187324181369914,0.0629590309071041,5
obsr900561,2.821792938378377,0.0677114787415637,5
obsr900593,2.6396174918127366,0.1532125397884751,5
obsr904604,2.4074559243741662,0.08310325583292977,5
obsr906836,2.7769288897024467,0.06505692226471506,5
obsr911261,3.227496208845276,0.060088992849968194,5
obsr912079,2.1852016973325004,0.1814506268634573,5
obsr914491,2.8821276969933636,0.05755963919950201,5
obsr917002,2.05503279636949,0.03685100926190654,5
obsr920005,2.6421315701497403,0.05119150473306466,5
obsr923850,2.428029294641336,0.06486935177868697,5
obsr924875,2.6052358237285747,0.18779149647071167,5
obsr926295,2.7237036228628764,0.033824433248728386,5
obsr927070,2.9729013548187297,0.04643483886895149,5
obsr929469,2.7523708813755845,0.06128789077872381,5
obsr931913,1.636550771909739,0.1709189782316276,5
obsr935247,2.86403201048028,0.09751890233319342,5
obsr942765,3.3302008839099266,0.013072388638214645,5
obsr946633,2.7904879341395965,0.020585123808265264,5
obsr95047,2.7946152841719827,0.06948075198366012,5
obsr956845,2.2264747841251156,0.14873104388570377,5
obsr964126,2.565238224629945,0.0776795232746238,5
obsr969959,3.213510925399216,0.024919553851729656,5
obsr977575,2.2721105508052917,0.03976635229252881,5
obsr980756,2.7124471415456117,0.043974153789385115,5
obsr984208,2.354984520985438,0.14863075697001224,5
obsr988712,2.684529420026375,0.04262676705753259,5
obsr991876,2.3680529877955325,0.07520864945903853,5
obsr993684,2.3759506563184716,0.01838419080552543,5
obsr996642,3.0016748517580165,0.03805072217745791,5
obsr999273,3.0978268938332727,0.028279090187006802,5
